"Libellé";"Dépenses de consommation des ménages - Produits agricoles - Volume aux prix de l'année précédente chaînés - Série CVS-CJO";"Codes";"Dépenses de consommation des ménages - Produits agro-alimentaires - Volume aux prix de l'année précédente chaînés - Série CVS-CJO";"Codes";"Dépenses de consommation des ménages - Cokéfaction et raffinage - Volume aux prix de l'année précédente chaînés - Série CVS-CJO";"Codes";"Dépenses de consommation des ménages - Biens d'équipement - Volume aux prix de l'année précédente chaînés - Série CVS-CJO";"Codes";"Dépenses de consommation des ménages - Matériels de transport - Volume aux prix de l'année précédente chaînés - Série CVS-CJO";"Codes";"Dépenses de consommation des ménages - Autres produits industriels - Volume aux prix de l'année précédente chaînés - Série CVS-CJO";"Codes";"Dépenses de consommation des ménages - Énergie, eau, déchets - Volume aux prix de l'année précédente chaînés - Série CVS-CJO";"Codes";"Dépenses de consommation des ménages - Construction - Volume aux prix de l'année précédente chaînés - Série CVS-CJO";"Codes";"Dépenses de consommation des ménages - Commerce - Volume aux prix de l'année précédente chaînés - Série CVS-CJO";"Codes";"Dépenses de consommation des ménages - Transport - Volume aux prix de l'année précédente chaînés - Série CVS-CJO";"Codes";"Dépenses de consommation des ménages - Hébergement-restauration - Volume aux prix de l'année précédente chaînés - Série CVS-CJO";"Codes";"Dépenses de consommation des ménages - Information-communication - Volume aux prix de l'année précédente chaînés - Série CVS-CJO";"Codes";"Dépenses de consommation des ménages - Services financiers - Volume aux prix de l'année précédente chaînés - Série CVS-CJO";"Codes";"Dépenses de consommation des ménages - Services immobiliers - Volume aux prix de l'année précédente chaînés - Série CVS-CJO";"Codes";"Dépenses de consommation des ménages - Services aux entreprises - Volume aux prix de l'année précédente chaînés - Série CVS-CJO";"Codes";"Dépenses de consommation des ménages - Services non marchands (A17-OQ) - Volume aux prix de l'année précédente chaînés - Série CVS-CJO";"Codes";"Dépenses de consommation des ménages - Services aux ménages - Volume aux prix de l'année précédente chaînés - Série CVS-CJO";"Codes";"Dépenses de consommation des ménages - Biens - Volume aux prix de l'année précédente chaînés - Série CVS-CJO";"Codes";"Dépenses de consommation des ménages - Biens manufacturés - Volume aux prix de l'année précédente chaînés - Série CVS-CJO";"Codes";"Dépenses de consommation des ménages - Biens industriels - Volume aux prix de l'année précédente chaînés - Série CVS-CJO";"Codes";"Dépenses de consommation des ménages - Services marchands - Volume aux prix de l'année précédente chaînés - Série CVS-CJO";"Codes";"Dépenses de consommation des ménages - Services non marchands - Volume aux prix de l'année précédente chaînés - Série CVS-CJO";"Codes";"Dépenses de consommation des ménages - Services - Volume aux prix de l'année précédente chaînés - Série CVS-CJO";"Codes";"Dépenses de consommation des ménages - Solde touristique - Volume aux prix de l'année précédente chaînés - Série CVS-CJO";"Codes"
"idBank";"010565279";"";"010565281";"";"010565283";"";"010565285";"";"010565287";"";"010565289";"";"010565291";"";"010565293";"";"010565295";"";"010565297";"";"010565299";"";"010565301";"";"010565303";"";"010565305";"";"010565307";"";"010565309";"";"010565311";"";"010565313";"";"010565315";"";"010565317";"";"010565319";"";"010565321";"";"010565323";"";"010565325";""
"Période";"";"";"";"";"";"";"";"";"";"";"";"";"";"";"";"";"";"";"";"";"";"";"";"";"";"";"";"";"";"";"";"";"";"";"";"";"";"";"";"";"";"";"";"";"";"";"";""
"2019-T4";"7680";"A";"43136";"A";"11763";"A";"9941";"A";"18592";"A";"39412";"A";"12791";"A";"4635";"A";"3643";"A";"10191";"A";"22439";"A";"11040";"A";"15768";"A";"60049";"A";"6727";"A";"15499";"A";"11862";"A";"143114";"A";"122761";"A";"135509";"A";"141752";"A";"15499";"A";"161881";"A";"-3436";"A"
"2019-T3";"7463";"A";"43177";"A";"11838";"A";"9719";"A";"18193";"A";"39252";"A";"13018";"A";"4662";"A";"3637";"A";"10396";"A";"22271";"A";"10959";"A";"15729";"A";"59831";"A";"6677";"A";"15497";"A";"11883";"A";"142486";"A";"122128";"A";"135123";"A";"141419";"A";"15497";"A";"161574";"A";"-3237";"A"
"2019-T2";"7772";"A";"43184";"A";"11720";"A";"9649";"A";"17393";"A";"39099";"A";"13149";"A";"4649";"A";"3603";"A";"10285";"A";"22290";"A";"10911";"A";"15690";"A";"59607";"A";"6615";"A";"15424";"A";"11769";"A";"141846";"A";"120984";"A";"134126";"A";"140811";"A";"15424";"A";"160881";"A";"-3164";"A"
"2019-T1";"7624";"A";"43395";"A";"11773";"A";"9600";"A";"17758";"A";"38996";"A";"12863";"A";"4639";"A";"3629";"A";"10219";"A";"22150";"A";"10837";"A";"15636";"A";"59416";"A";"6516";"A";"15387";"A";"11744";"A";"141869";"A";"121485";"A";"134318";"A";"140188";"A";"15387";"A";"160211";"A";"-3333";"A"
"2018-T4";"7684";"A";"43849";"A";"11691";"A";"9406";"A";"17668";"A";"38758";"A";"12887";"A";"4626";"A";"3596";"A";"10181";"A";"21835";"A";"10803";"A";"15567";"A";"59182";"A";"6553";"A";"15347";"A";"11680";"A";"141863";"A";"121380";"A";"134242";"A";"139422";"A";"15347";"A";"159392";"A";"-3552";"A"
"2018-T3";"7766";"A";"43894";"A";"11637";"A";"9311";"A";"18008";"A";"38798";"A";"12936";"A";"4614";"A";"3590";"A";"10080";"A";"21643";"A";"10721";"A";"15526";"A";"58936";"A";"6406";"A";"15258";"A";"11608";"A";"142301";"A";"121678";"A";"134590";"A";"138539";"A";"15258";"A";"158409";"A";"-3946";"A"
"2018-T2";"7846";"A";"43612";"A";"11818";"A";"9214";"A";"18191";"A";"38887";"A";"12706";"A";"4584";"A";"3654";"A";"9746";"A";"21574";"A";"10736";"A";"15531";"A";"58654";"A";"6447";"A";"15265";"A";"11534";"A";"142221";"A";"121751";"A";"134421";"A";"137904";"A";"15265";"A";"157752";"A";"-4456";"A"
"2018-T1";"8030";"A";"44444";"A";"11805";"A";"9107";"A";"17584";"A";"38787";"A";"13676";"A";"4544";"A";"3573";"A";"10085";"A";"21380";"A";"10824";"A";"15567";"A";"58405";"A";"6342";"A";"15220";"A";"11546";"A";"143453";"A";"121767";"A";"135456";"A";"137749";"A";"15220";"A";"157511";"A";"-4710";"A"
"2017-T4";"8006";"A";"44402";"A";"11774";"A";"9155";"A";"17755";"A";"38812";"A";"13332";"A";"4518";"A";"3548";"A";"10022";"A";"21204";"A";"10841";"A";"15627";"A";"57975";"A";"6327";"A";"15295";"A";"11463";"A";"143248";"A";"121949";"A";"135274";"A";"137033";"A";"15295";"A";"156845";"A";"-4652";"A"
"2017-T3";"8150";"A";"44329";"A";"12083";"A";"9158";"A";"17645";"A";"39278";"A";"13252";"A";"4475";"A";"3457";"A";"9957";"A";"20876";"A";"10827";"A";"15604";"A";"57699";"A";"6257";"A";"15294";"A";"11355";"A";"143873";"A";"122506";"A";"135744";"A";"136059";"A";"15294";"A";"155828";"A";"-4556";"A"
"2017-T2";"8154";"A";"44499";"A";"11875";"A";"8971";"A";"17510";"A";"38735";"A";"13009";"A";"4459";"A";"3435";"A";"9925";"A";"20546";"A";"10712";"A";"15469";"A";"57478";"A";"6164";"A";"15271";"A";"11305";"A";"142760";"A";"121631";"A";"134621";"A";"135058";"A";"15271";"A";"154788";"A";"-4170";"A"
"2017-T1";"7977";"A";"44514";"A";"11786";"A";"8784";"A";"17056";"A";"38900";"A";"13057";"A";"4456";"A";"3408";"A";"9809";"A";"20286";"A";"10689";"A";"15238";"A";"57315";"A";"6122";"A";"15317";"A";"11225";"A";"142082";"A";"121091";"A";"134133";"A";"134103";"A";"15317";"A";"153875";"A";"-3543";"A"
"2016-T4";"8151";"A";"44240";"A";"11987";"A";"8557";"A";"17137";"A";"38594";"A";"13667";"A";"4445";"A";"3348";"A";"9720";"A";"19829";"A";"10667";"A";"14966";"A";"57154";"A";"5992";"A";"15348";"A";"11103";"A";"142361";"A";"120536";"A";"134216";"A";"132772";"A";"15348";"A";"152565";"A";"-3260";"A"
"2016-T3";"8117";"A";"44290";"A";"11862";"A";"8477";"A";"16371";"A";"38031";"A";"13086";"A";"4433";"A";"3280";"A";"9635";"A";"19791";"A";"10662";"A";"14787";"A";"56993";"A";"5977";"A";"15376";"A";"10980";"A";"140241";"A";"119043";"A";"132126";"A";"132091";"A";"15376";"A";"151900";"A";"-3060";"A"
"2016-T2";"8119";"A";"43865";"A";"11748";"A";"9171";"A";"16178";"A";"38413";"A";"13453";"A";"4426";"A";"3225";"A";"9549";"A";"19553";"A";"10694";"A";"14736";"A";"56836";"A";"5905";"A";"15413";"A";"10968";"A";"140946";"A";"119369";"A";"132831";"A";"131448";"A";"15413";"A";"151287";"A";"-3082";"A"
"2016-T1";"8314";"A";"44062";"A";"11849";"A";"8908";"A";"16119";"A";"38365";"A";"13081";"A";"4428";"A";"3211";"A";"9559";"A";"19487";"A";"10824";"A";"14821";"A";"56698";"A";"5865";"A";"15445";"A";"10976";"A";"140694";"A";"119296";"A";"132374";"A";"131426";"A";"15445";"A";"151299";"A";"-3524";"A"
"2015-T4";"8121";"A";"44090";"A";"11668";"A";"8636";"A";"15647";"A";"37935";"A";"12697";"A";"4415";"A";"3147";"A";"9509";"A";"19332";"A";"10844";"A";"14966";"A";"56485";"A";"5845";"A";"15372";"A";"10823";"A";"138796";"A";"117977";"A";"130675";"A";"130951";"A";"15372";"A";"150738";"A";"-4046";"A"
"2015-T3";"8068";"A";"43924";"A";"11828";"A";"8492";"A";"15583";"A";"38347";"A";"13102";"A";"4399";"A";"3145";"A";"9558";"A";"19293";"A";"10933";"A";"15082";"A";"56330";"A";"5791";"A";"15337";"A";"10794";"A";"139345";"A";"118175";"A";"131277";"A";"130927";"A";"15337";"A";"150663";"A";"-4390";"A"
"2015-T2";"8062";"A";"43993";"A";"11607";"A";"8301";"A";"15343";"A";"38187";"A";"12788";"A";"4407";"A";"3155";"A";"9555";"A";"19480";"A";"10923";"A";"15115";"A";"56182";"A";"5750";"A";"15304";"A";"10694";"A";"138280";"A";"117430";"A";"130218";"A";"130855";"A";"15304";"A";"150566";"A";"-4227";"A"
"2015-T1";"8052";"A";"43689";"A";"11572";"A";"8356";"A";"14957";"A";"38147";"A";"13343";"A";"4413";"A";"3120";"A";"9474";"A";"19138";"A";"10922";"A";"15085";"A";"56038";"A";"5713";"A";"15257";"A";"10708";"A";"138117";"A";"116721";"A";"130065";"A";"130198";"A";"15257";"A";"149868";"A";"-4153";"A"
"2014-T4";"8100";"A";"43638";"A";"11600";"A";"8302";"A";"15001";"A";"37618";"A";"12480";"A";"4424";"A";"3134";"A";"9553";"A";"19374";"A";"10911";"A";"14970";"A";"55822";"A";"5713";"A";"15212";"A";"10679";"A";"136767";"A";"116174";"A";"128669";"A";"130156";"A";"15212";"A";"149794";"A";"-3916";"A"
"2014-T3";"8134";"A";"43327";"A";"11588";"A";"8136";"A";"14845";"A";"37316";"A";"12999";"A";"4446";"A";"3138";"A";"9423";"A";"19236";"A";"10943";"A";"14855";"A";"55686";"A";"5746";"A";"15160";"A";"10624";"A";"136347";"A";"115223";"A";"128213";"A";"129653";"A";"15160";"A";"149259";"A";"-3752";"A"
"2014-T2";"8190";"A";"43232";"A";"11426";"A";"7898";"A";"14902";"A";"37252";"A";"12842";"A";"4451";"A";"3121";"A";"9492";"A";"19150";"A";"10930";"A";"14767";"A";"55546";"A";"5698";"A";"15135";"A";"10569";"A";"135729";"A";"114699";"A";"127536";"A";"129273";"A";"15135";"A";"148859";"A";"-4215";"A"
"2014-T1";"8067";"A";"43091";"A";"11437";"A";"7707";"A";"14869";"A";"37375";"A";"12613";"A";"4462";"A";"3131";"A";"9520";"A";"18990";"A";"10806";"A";"14696";"A";"55402";"A";"5636";"A";"15088";"A";"10511";"A";"135142";"A";"114460";"A";"127076";"A";"128690";"A";"15088";"A";"148238";"A";"-4553";"A"
"2013-T4";"8062";"A";"43566";"A";"11647";"A";"7702";"A";"15663";"A";"37127";"A";"13623";"A";"4469";"A";"3275";"A";"9554";"A";"18954";"A";"10736";"A";"14666";"A";"55222";"A";"5654";"A";"15058";"A";"10460";"A";"137336";"A";"115669";"A";"129284";"A";"128494";"A";"15058";"A";"148020";"A";"-4866";"A"
"2013-T3";"7783";"A";"43426";"A";"11587";"A";"7579";"A";"15076";"A";"36805";"A";"13751";"A";"4467";"A";"3260";"A";"9462";"A";"18868";"A";"10852";"A";"14590";"A";"55034";"A";"5578";"A";"15030";"A";"10478";"A";"135936";"A";"114444";"A";"128166";"A";"128117";"A";"15030";"A";"147612";"A";"-5141";"A"
"2013-T2";"7643";"A";"43168";"A";"12021";"A";"7481";"A";"14981";"A";"36726";"A";"14453";"A";"4453";"A";"3226";"A";"9398";"A";"18868";"A";"10979";"A";"14501";"A";"54860";"A";"5540";"A";"14977";"A";"10489";"A";"136368";"A";"114370";"A";"128741";"A";"127876";"A";"14977";"A";"147305";"A";"-5202";"A"
"2013-T1";"7871";"A";"43531";"A";"11861";"A";"7311";"A";"14817";"A";"36707";"A";"14407";"A";"4509";"A";"3209";"A";"9393";"A";"18759";"A";"10859";"A";"14372";"A";"54692";"A";"5500";"A";"14834";"A";"10444";"A";"136367";"A";"114182";"A";"128508";"A";"127229";"A";"14834";"A";"146568";"A";"-5300";"A"
"2012-T4";"7643";"A";"43043";"A";"11844";"A";"7314";"A";"15583";"A";"36949";"A";"13838";"A";"4529";"A";"3199";"A";"9423";"A";"18974";"A";"10752";"A";"14212";"A";"54533";"A";"5497";"A";"14775";"A";"10568";"A";"136125";"A";"114694";"A";"128497";"A";"127176";"A";"14775";"A";"146476";"A";"-5229";"A"
"2012-T3";"7672";"A";"43574";"A";"11894";"A";"7193";"A";"15543";"A";"36975";"A";"13717";"A";"4558";"A";"3216";"A";"9320";"A";"19052";"A";"10472";"A";"14105";"A";"54335";"A";"5499";"A";"14664";"A";"10556";"A";"136453";"A";"115098";"A";"128796";"A";"126494";"A";"14664";"A";"145710";"A";"-5240";"A"
"2012-T2";"7629";"A";"43278";"A";"12126";"A";"7243";"A";"16104";"A";"36589";"A";"14014";"A";"4576";"A";"3251";"A";"9299";"A";"19027";"A";"10256";"A";"14041";"A";"54138";"A";"5556";"A";"14618";"A";"10603";"A";"136851";"A";"115266";"A";"129236";"A";"126052";"A";"14618";"A";"145235";"A";"-5213";"A"
"2012-T1";"7706";"A";"43201";"A";"12113";"A";"6989";"A";"16202";"A";"37432";"A";"13902";"A";"4569";"A";"3295";"A";"9284";"A";"19239";"A";"10093";"A";"14005";"A";"53910";"A";"5603";"A";"14583";"A";"10510";"A";"137366";"A";"115802";"A";"129676";"A";"125766";"A";"14583";"A";"144908";"A";"-4980";"A"
"2011-T4";"7664";"A";"42997";"A";"11828";"A";"6919";"A";"16960";"A";"37331";"A";"13304";"A";"4614";"A";"3346";"A";"9301";"A";"19192";"A";"10094";"A";"14016";"A";"53763";"A";"5547";"A";"14542";"A";"10550";"A";"136879";"A";"115896";"A";"129228";"A";"125644";"A";"14542";"A";"144785";"A";"-4919";"A"
"2011-T3";"7606";"A";"43329";"A";"12251";"A";"6852";"A";"16716";"A";"37305";"A";"13640";"A";"4578";"A";"3392";"A";"9354";"A";"19116";"A";"10121";"A";"14027";"A";"53577";"A";"5570";"A";"14506";"A";"10542";"A";"137470";"A";"116247";"A";"129879";"A";"125549";"A";"14506";"A";"144624";"A";"-4257";"A"
"2011-T2";"7688";"A";"43239";"A";"11904";"A";"6746";"A";"16649";"A";"37704";"A";"13135";"A";"4601";"A";"3426";"A";"9232";"A";"19327";"A";"10000";"A";"13998";"A";"53374";"A";"5552";"A";"14436";"A";"10528";"A";"136906";"A";"116044";"A";"129229";"A";"125238";"A";"14436";"A";"144263";"A";"-3429";"A"
"2011-T1";"7690";"A";"43353";"A";"12469";"A";"6909";"A";"18692";"A";"37703";"A";"13489";"A";"4602";"A";"3470";"A";"9287";"A";"19415";"A";"10016";"A";"13968";"A";"53153";"A";"5561";"A";"14372";"A";"10627";"A";"140066";"A";"118857";"A";"132393";"A";"125287";"A";"14372";"A";"144252";"A";"-3086";"A"
"2010-T4";"7774";"A";"43238";"A";"12407";"A";"6503";"A";"17850";"A";"37413";"A";"14491";"A";"4596";"A";"3462";"A";"9091";"A";"18961";"A";"10049";"A";"13944";"A";"52973";"A";"5605";"A";"14161";"A";"10656";"A";"139204";"A";"117052";"A";"131440";"A";"124588";"A";"14161";"A";"143338";"A";"-3010";"A"
"2010-T3";"7768";"A";"42901";"A";"12489";"A";"6570";"A";"16567";"A";"37601";"A";"13867";"A";"4605";"A";"3476";"A";"9172";"A";"19122";"A";"10057";"A";"13921";"A";"52799";"A";"5588";"A";"14131";"A";"10714";"A";"137429";"A";"115846";"A";"129674";"A";"124684";"A";"14131";"A";"143413";"A";"-3464";"A"
"2010-T2";"7724";"A";"42648";"A";"12504";"A";"6533";"A";"16810";"A";"36754";"A";"13948";"A";"4571";"A";"3511";"A";"9051";"A";"19159";"A";"10055";"A";"13907";"A";"52589";"A";"5535";"A";"14050";"A";"10730";"A";"136521";"A";"114925";"A";"128809";"A";"124376";"A";"14050";"A";"142996";"A";"-3846";"A"
"2010-T1";"7758";"A";"42189";"A";"12512";"A";"6359";"A";"17366";"A";"36763";"A";"14356";"A";"4528";"A";"3528";"A";"9055";"A";"18920";"A";"9979";"A";"13914";"A";"52388";"A";"5550";"A";"13978";"A";"10652";"A";"136757";"A";"114777";"A";"129012";"A";"123825";"A";"13978";"A";"142333";"A";"-4072";"A"
"2009-T4";"7915";"A";"41932";"A";"12627";"A";"6209";"A";"18555";"A";"36652";"A";"13622";"A";"4500";"A";"3581";"A";"8980";"A";"18734";"A";"9899";"A";"13982";"A";"52156";"A";"5479";"A";"14000";"A";"10519";"A";"136893";"A";"115372";"A";"128993";"A";"123190";"A";"14000";"A";"141689";"A";"-4115";"A"
"2009-T3";"7979";"A";"41844";"A";"12514";"A";"6257";"A";"17396";"A";"35977";"A";"13754";"A";"4482";"A";"3644";"A";"8904";"A";"18743";"A";"9716";"A";"13940";"A";"51996";"A";"5433";"A";"13943";"A";"10482";"A";"135153";"A";"113498";"A";"127191";"A";"122651";"A";"13943";"A";"141073";"A";"-4153";"A"
"2009-T2";"7694";"A";"41815";"A";"13015";"A";"6094";"A";"17655";"A";"36395";"A";"13746";"A";"4493";"A";"3632";"A";"8958";"A";"18676";"A";"9693";"A";"13866";"A";"51844";"A";"5450";"A";"13889";"A";"10449";"A";"135745";"A";"114361";"A";"128064";"A";"122344";"A";"13889";"A";"140721";"A";"-4438";"A"
"2009-T1";"7421";"A";"41499";"A";"13071";"A";"5969";"A";"16538";"A";"36396";"A";"14157";"A";"4529";"A";"3691";"A";"8814";"A";"18802";"A";"9734";"A";"13753";"A";"51706";"A";"5442";"A";"13812";"A";"10411";"A";"134297";"A";"112873";"A";"126888";"A";"122109";"A";"13812";"A";"140444";"A";"-4471";"A"
"2008-T4";"7498";"A";"41734";"A";"13050";"A";"5934";"A";"16326";"A";"36773";"A";"14041";"A";"4657";"A";"3766";"A";"8979";"A";"18990";"A";"9801";"A";"13621";"A";"51412";"A";"5640";"A";"13674";"A";"10568";"A";"134628";"A";"113220";"A";"127142";"A";"122446";"A";"13674";"A";"140767";"A";"-4545";"A"
"2008-T3";"7412";"A";"41805";"A";"13018";"A";"5744";"A";"17341";"A";"37376";"A";"13618";"A";"4727";"A";"3951";"A";"8999";"A";"19169";"A";"9768";"A";"13498";"A";"51238";"A";"5754";"A";"13594";"A";"10628";"A";"135487";"A";"114489";"A";"128089";"A";"122569";"A";"13594";"A";"140878";"A";"-4602";"A"
"2008-T2";"7504";"A";"41448";"A";"13082";"A";"5712";"A";"17730";"A";"37343";"A";"13802";"A";"4746";"A";"3979";"A";"9030";"A";"19424";"A";"9727";"A";"13392";"A";"51160";"A";"5765";"A";"13578";"A";"10674";"A";"135735";"A";"114492";"A";"128244";"A";"122630";"A";"13578";"A";"140941";"A";"-4784";"A"
"2008-T1";"7691";"A";"41608";"A";"13217";"A";"5548";"A";"17619";"A";"37648";"A";"13024";"A";"4747";"A";"4080";"A";"9030";"A";"19680";"A";"9782";"A";"13304";"A";"50901";"A";"5826";"A";"13565";"A";"10708";"A";"135461";"A";"114667";"A";"127782";"A";"122747";"A";"13565";"A";"141047";"A";"-4976";"A"
"2007-T4";"7505";"A";"41974";"A";"13471";"A";"5575";"A";"18694";"A";"37574";"A";"13763";"A";"4713";"A";"4056";"A";"8800";"A";"19724";"A";"9599";"A";"13222";"A";"51009";"A";"5821";"A";"13291";"A";"10776";"A";"137498";"A";"116256";"A";"130003";"A";"122353";"A";"13291";"A";"140363";"A";"-4963";"A"
"2007-T3";"7503";"A";"42063";"A";"13265";"A";"5471";"A";"18239";"A";"37799";"A";"13526";"A";"4667";"A";"4074";"A";"8825";"A";"19811";"A";"9602";"A";"13132";"A";"50645";"A";"5777";"A";"13352";"A";"10779";"A";"136792";"A";"115753";"A";"129300";"A";"121984";"A";"13352";"A";"140008";"A";"-4921";"A"
"2007-T2";"7598";"A";"41965";"A";"13090";"A";"5280";"A";"17810";"A";"37515";"A";"12952";"A";"4658";"A";"4115";"A";"8728";"A";"19611";"A";"9526";"A";"13010";"A";"50357";"A";"5718";"A";"13669";"A";"10771";"A";"135085";"A";"114444";"A";"127501";"A";"121158";"A";"13669";"A";"139458";"A";"-5104";"A"
"2007-T1";"7668";"A";"41502";"A";"13102";"A";"5024";"A";"17337";"A";"37555";"A";"12616";"A";"4619";"A";"4045";"A";"8638";"A";"19639";"A";"9414";"A";"12886";"A";"50190";"A";"5650";"A";"13582";"A";"10761";"A";"133529";"A";"113120";"A";"125875";"A";"120502";"A";"13582";"A";"138680";"A";"-5381";"A"
"2006-T4";"7544";"A";"41467";"A";"13226";"A";"4861";"A";"17493";"A";"36881";"A";"12714";"A";"4541";"A";"4041";"A";"8590";"A";"19588";"A";"9361";"A";"12758";"A";"50014";"A";"5545";"A";"13556";"A";"10741";"A";"132790";"A";"112415";"A";"125260";"A";"119901";"A";"13556";"A";"137980";"A";"-5274";"A"
"2006-T3";"7421";"A";"41489";"A";"13393";"A";"4593";"A";"16988";"A";"36572";"A";"13524";"A";"4481";"A";"4026";"A";"8504";"A";"19334";"A";"9208";"A";"12616";"A";"49768";"A";"5417";"A";"13393";"A";"10630";"A";"132054";"A";"111205";"A";"124642";"A";"118725";"A";"13393";"A";"136587";"A";"-5336";"A"
"2006-T2";"7586";"A";"41251";"A";"13527";"A";"4470";"A";"17782";"A";"36360";"A";"13553";"A";"4459";"A";"4071";"A";"8511";"A";"19242";"A";"9172";"A";"12499";"A";"49517";"A";"5440";"A";"13327";"A";"10592";"A";"132379";"A";"111347";"A";"124809";"A";"118248";"A";"13327";"A";"136023";"A";"-4797";"A"
"2006-T1";"7487";"A";"41267";"A";"13468";"A";"4175";"A";"17282";"A";"36225";"A";"14068";"A";"4376";"A";"4022";"A";"8439";"A";"19200";"A";"9006";"A";"12386";"A";"49338";"A";"5409";"A";"13233";"A";"10537";"A";"131362";"A";"110064";"A";"123889";"A";"117471";"A";"13233";"A";"135078";"A";"-4339";"A"
"2005-T4";"7621";"A";"40978";"A";"13354";"A";"4133";"A";"17514";"A";"35721";"A";"13294";"A";"4321";"A";"4029";"A";"8273";"A";"18990";"A";"8993";"A";"12274";"A";"49070";"A";"5400";"A";"12983";"A";"10413";"A";"130233";"A";"109423";"A";"122635";"A";"116621";"A";"12983";"A";"133937";"A";"-4233";"A"
"2005-T3";"7669";"A";"40762";"A";"13718";"A";"3817";"A";"17381";"A";"35526";"A";"13188";"A";"4278";"A";"4057";"A";"8232";"A";"18894";"A";"8739";"A";"12168";"A";"48912";"A";"5360";"A";"12887";"A";"10386";"A";"129139";"A";"108396";"A";"121498";"A";"115784";"A";"12887";"A";"132962";"A";"-4023";"A"
"2005-T2";"7378";"A";"40619";"A";"13670";"A";"3822";"A";"17211";"A";"35408";"A";"13185";"A";"4264";"A";"4013";"A";"8154";"A";"18840";"A";"8743";"A";"12058";"A";"48749";"A";"5309";"A";"12928";"A";"10342";"A";"128417";"A";"107968";"A";"121055";"A";"115264";"A";"12928";"A";"132462";"A";"-4173";"A"
"2005-T1";"7357";"A";"40783";"A";"13887";"A";"3681";"A";"16991";"A";"35426";"A";"13407";"A";"4243";"A";"3992";"A";"8129";"A";"18692";"A";"8582";"A";"11930";"A";"48643";"A";"5284";"A";"12865";"A";"10343";"A";"128337";"A";"107746";"A";"120994";"A";"114566";"A";"12865";"A";"131678";"A";"-4248";"A"
"2004-T4";"7506";"A";"40600";"A";"13993";"A";"3571";"A";"17392";"A";"35207";"A";"13168";"A";"4250";"A";"4041";"A";"8024";"A";"18618";"A";"8519";"A";"11784";"A";"48293";"A";"5206";"A";"12615";"A";"10387";"A";"128135";"A";"107595";"A";"120656";"A";"113815";"A";"12615";"A";"130689";"A";"-4492";"A"
"2004-T3";"7620";"A";"40128";"A";"13860";"A";"3383";"A";"16477";"A";"34695";"A";"13192";"A";"4254";"A";"3986";"A";"7920";"A";"18405";"A";"8391";"A";"11646";"A";"48059";"A";"5171";"A";"12555";"A";"10390";"A";"125817";"A";"105208";"A";"118222";"A";"112871";"A";"12555";"A";"129679";"A";"-4555";"A"
"2004-T2";"7343";"A";"40168";"A";"14095";"A";"3326";"A";"16447";"A";"34916";"A";"13189";"A";"4258";"A";"3978";"A";"7982";"A";"18492";"A";"8400";"A";"11510";"A";"47677";"A";"5157";"A";"12505";"A";"10393";"A";"125780";"A";"105445";"A";"118463";"A";"112503";"A";"12505";"A";"129263";"A";"-4407";"A"
"2004-T1";"7397";"A";"39915";"A";"14209";"A";"3151";"A";"16426";"A";"34619";"A";"13267";"A";"4240";"A";"4008";"A";"7720";"A";"18524";"A";"8379";"A";"11376";"A";"47663";"A";"5136";"A";"12328";"A";"10354";"A";"124917";"A";"104493";"A";"117546";"A";"112047";"A";"12328";"A";"128619";"A";"-4192";"A"
"2003-T4";"7115";"A";"40206";"A";"14131";"A";"3025";"A";"16321";"A";"34553";"A";"13339";"A";"4186";"A";"3992";"A";"7667";"A";"18396";"A";"8057";"A";"11252";"A";"47442";"A";"5120";"A";"12099";"A";"10232";"A";"124460";"A";"104273";"A";"117371";"A";"110868";"A";"12099";"A";"127167";"A";"-3828";"A"
"2003-T3";"6983";"A";"41225";"A";"14478";"A";"2900";"A";"16702";"A";"34137";"A";"12521";"A";"4158";"A";"4044";"A";"7558";"A";"18628";"A";"8034";"A";"11159";"A";"47227";"A";"5137";"A";"11942";"A";"10192";"A";"124400";"A";"104947";"A";"117440";"A";"110651";"A";"11942";"A";"126779";"A";"-3589";"A"
"2003-T2";"7220";"A";"40615";"A";"14437";"A";"2755";"A";"16110";"A";"34049";"A";"12268";"A";"4156";"A";"4015";"A";"7341";"A";"18347";"A";"8075";"A";"11112";"A";"46952";"A";"5072";"A";"11990";"A";"10130";"A";"122751";"A";"103305";"A";"115560";"A";"109814";"A";"11990";"A";"125971";"A";"-3566";"A"
"2003-T1";"7184";"A";"40580";"A";"14398";"A";"2687";"A";"16449";"A";"33893";"A";"12797";"A";"4213";"A";"4089";"A";"7483";"A";"18378";"A";"8060";"A";"11112";"A";"46800";"A";"5027";"A";"12084";"A";"10106";"A";"123001";"A";"103191";"A";"115845";"A";"109803";"A";"12084";"A";"126093";"A";"-3707";"A"
"2002-T4";"7422";"A";"41228";"A";"14252";"A";"2650";"A";"16559";"A";"33663";"A";"12003";"A";"4271";"A";"4105";"A";"7575";"A";"18248";"A";"7949";"A";"11136";"A";"46460";"A";"5013";"A";"12290";"A";"10076";"A";"122903";"A";"103462";"A";"115519";"A";"109284";"A";"12290";"A";"125807";"A";"-3952";"A"
"2002-T3";"7311";"A";"40780";"A";"14351";"A";"2491";"A";"16475";"A";"33613";"A";"12129";"A";"4276";"A";"4116";"A";"7579";"A";"18163";"A";"7837";"A";"11136";"A";"46381";"A";"5026";"A";"12437";"A";"10065";"A";"121883";"A";"102482";"A";"114607";"A";"108966";"A";"12437";"A";"125621";"A";"-4236";"A"
"2002-T2";"7136";"A";"40504";"A";"14338";"A";"2437";"A";"16864";"A";"33018";"A";"12092";"A";"4285";"A";"4153";"A";"7501";"A";"17952";"A";"7756";"A";"11081";"A";"46169";"A";"4993";"A";"12494";"A";"9980";"A";"120989";"A";"101804";"A";"113881";"A";"108231";"A";"12494";"A";"124931";"A";"-4255";"A"
"2002-T1";"6925";"A";"40925";"A";"14367";"A";"2337";"A";"16752";"A";"32867";"A";"11735";"A";"4277";"A";"4135";"A";"7451";"A";"18002";"A";"7638";"A";"10972";"A";"46060";"A";"4925";"A";"12410";"A";"9873";"A";"120310";"A";"101601";"A";"113402";"A";"107608";"A";"12410";"A";"124215";"A";"-3974";"A"
"2001-T4";"7269";"A";"40506";"A";"14480";"A";"2331";"A";"16633";"A";"32604";"A";"12143";"A";"4243";"A";"4154";"A";"7155";"A";"18064";"A";"7369";"A";"10821";"A";"45872";"A";"4970";"A";"12350";"A";"9822";"A";"120267";"A";"100945";"A";"113038";"A";"106587";"A";"12350";"A";"123094";"A";"-3937";"A"
"2001-T3";"7118";"A";"40522";"A";"14741";"A";"2241";"A";"16773";"A";"32821";"A";"12420";"A";"4210";"A";"4155";"A";"7336";"A";"18006";"A";"7178";"A";"10686";"A";"45669";"A";"4958";"A";"12195";"A";"9766";"A";"120572";"A";"101171";"A";"113476";"A";"105954";"A";"12195";"A";"122282";"A";"-3757";"A"
"2001-T2";"7093";"A";"40445";"A";"14450";"A";"2207";"A";"16685";"A";"32598";"A";"12300";"A";"4194";"A";"4155";"A";"7443";"A";"18102";"A";"6969";"A";"10579";"A";"45517";"A";"4934";"A";"12176";"A";"9710";"A";"119727";"A";"100464";"A";"112658";"A";"105423";"A";"12176";"A";"121712";"A";"-3502";"A"
"2001-T1";"7371";"A";"40561";"A";"14349";"A";"2185";"A";"16394";"A";"32594";"A";"11763";"A";"4230";"A";"4110";"A";"7457";"A";"18046";"A";"6797";"A";"10500";"A";"45336";"A";"4961";"A";"12130";"A";"9686";"A";"119241";"A";"100139";"A";"111927";"A";"104796";"A";"12130";"A";"121060";"A";"-3773";"A"
"2000-T4";"7243";"A";"40358";"A";"14102";"A";"2156";"A";"15486";"A";"32706";"A";"11502";"A";"4150";"A";"4110";"A";"7389";"A";"18032";"A";"6592";"A";"10447";"A";"45330";"A";"4956";"A";"12130";"A";"9623";"A";"117737";"A";"98990";"A";"110547";"A";"104243";"A";"12130";"A";"120430";"A";"-3984";"A"
"2000-T3";"7264";"A";"40507";"A";"13764";"A";"2117";"A";"16102";"A";"32313";"A";"11791";"A";"4169";"A";"4119";"A";"7271";"A";"17905";"A";"6424";"A";"10367";"A";"45146";"A";"4943";"A";"12063";"A";"9594";"A";"117898";"A";"98916";"A";"110688";"A";"103416";"A";"12063";"A";"119545";"A";"-3885";"A"
"2000-T2";"7288";"A";"40197";"A";"14069";"A";"2071";"A";"15948";"A";"32314";"A";"11626";"A";"4197";"A";"4132";"A";"7243";"A";"17711";"A";"6239";"A";"10260";"A";"44958";"A";"4860";"A";"11993";"A";"9503";"A";"117387";"A";"98522";"A";"110158";"A";"102424";"A";"11993";"A";"118497";"A";"-3741";"A"
"2000-T1";"7238";"A";"39801";"A";"14337";"A";"1979";"A";"15550";"A";"32061";"A";"11709";"A";"4232";"A";"4155";"A";"7288";"A";"17486";"A";"6058";"A";"10126";"A";"44702";"A";"4804";"A";"11904";"A";"9446";"A";"116201";"A";"97361";"A";"109025";"A";"101454";"A";"11904";"A";"117460";"A";"-3548";"A"
"1999-T4";"7171";"A";"39886";"A";"14524";"A";"1938";"A";"15802";"A";"31472";"A";"11801";"A";"4026";"A";"4167";"A";"7049";"A";"17270";"A";"5845";"A";"9971";"A";"44501";"A";"4747";"A";"11766";"A";"9354";"A";"115924";"A";"97087";"A";"108809";"A";"100179";"A";"11766";"A";"115867";"A";"-3289";"A"
"1999-T3";"7331";"A";"39398";"A";"14382";"A";"1796";"A";"16453";"A";"30986";"A";"11635";"A";"3976";"A";"4166";"A";"6970";"A";"16990";"A";"5630";"A";"9832";"A";"44312";"A";"4670";"A";"11603";"A";"9235";"A";"114899";"A";"96078";"A";"107645";"A";"98916";"A";"11603";"A";"114394";"A";"-3190";"A"
"1999-T2";"7001";"A";"39124";"A";"14425";"A";"1716";"A";"14730";"A";"30911";"A";"11494";"A";"3939";"A";"3967";"A";"6969";"A";"16662";"A";"5426";"A";"9711";"A";"44097";"A";"4603";"A";"11441";"A";"9190";"A";"112182";"A";"93843";"A";"105242";"A";"97643";"A";"11441";"A";"112922";"A";"-3193";"A"
"1999-T1";"6828";"A";"38874";"A";"14431";"A";"1605";"A";"14707";"A";"30803";"A";"11557";"A";"3887";"A";"3881";"A";"6945";"A";"16221";"A";"5251";"A";"9607";"A";"43950";"A";"4579";"A";"11430";"A";"9085";"A";"111219";"A";"93015";"A";"104440";"A";"96458";"A";"11430";"A";"111665";"A";"-2939";"A"
"1998-T4";"6993";"A";"39068";"A";"14468";"A";"1587";"A";"14632";"A";"30477";"A";"11801";"A";"3899";"A";"3958";"A";"6767";"A";"16244";"A";"5104";"A";"9522";"A";"43766";"A";"4595";"A";"11389";"A";"9018";"A";"111295";"A";"92757";"A";"104364";"A";"95790";"A";"11389";"A";"110961";"A";"-2585";"A"
"1998-T3";"6856";"A";"38814";"A";"14343";"A";"1520";"A";"14617";"A";"30516";"A";"11429";"A";"3907";"A";"3848";"A";"6670";"A";"16213";"A";"5003";"A";"9421";"A";"43796";"A";"4496";"A";"11345";"A";"8782";"A";"110285";"A";"92177";"A";"103481";"A";"94965";"A";"11345";"A";"110089";"A";"-2372";"A"
"1998-T2";"6910";"A";"38740";"A";"14610";"A";"1429";"A";"13682";"A";"30331";"A";"11369";"A";"3884";"A";"3860";"A";"6515";"A";"16100";"A";"4863";"A";"9311";"A";"43654";"A";"4428";"A";"11290";"A";"8925";"A";"108852";"A";"90792";"A";"102012";"A";"94241";"A";"11290";"A";"109284";"A";"-2276";"A"
"1998-T1";"7010";"A";"38157";"A";"14160";"A";"1336";"A";"13442";"A";"30104";"A";"10983";"A";"3859";"A";"3784";"A";"6549";"A";"15833";"A";"4741";"A";"9190";"A";"43572";"A";"4394";"A";"11264";"A";"8766";"A";"106929";"A";"89138";"A";"100017";"A";"93325";"A";"11264";"A";"108309";"A";"-2205";"A"
"1997-T4";"6865";"A";"38317";"A";"14011";"A";"1306";"A";"13160";"A";"30067";"A";"10856";"A";"3861";"A";"3823";"A";"6478";"A";"15512";"A";"4550";"A";"9060";"A";"43315";"A";"4353";"A";"11204";"A";"8439";"A";"106324";"A";"88771";"A";"99542";"A";"91910";"A";"11204";"A";"106818";"A";"-2177";"A"
"1997-T3";"6902";"A";"38117";"A";"14436";"A";"1252";"A";"12879";"A";"29267";"A";"10902";"A";"3857";"A";"3792";"A";"6396";"A";"15164";"A";"4432";"A";"8938";"A";"43176";"A";"4285";"A";"11127";"A";"8559";"A";"105090";"A";"87513";"A";"98285";"A";"91022";"A";"11127";"A";"105840";"A";"-2072";"A"
"1997-T2";"7140";"A";"37874";"A";"14038";"A";"1202";"A";"12299";"A";"29308";"A";"10806";"A";"3840";"A";"3790";"A";"6260";"A";"15335";"A";"4340";"A";"8819";"A";"43070";"A";"4225";"A";"11083";"A";"8560";"A";"103977";"A";"86310";"A";"96975";"A";"90527";"A";"11083";"A";"105283";"A";"-1975";"A"
"1997-T1";"6884";"A";"37745";"A";"14119";"A";"1179";"A";"12193";"A";"29358";"A";"10863";"A";"3816";"A";"3862";"A";"6308";"A";"15148";"A";"4263";"A";"8704";"A";"42880";"A";"4150";"A";"11015";"A";"8636";"A";"103568";"A";"86088";"A";"96791";"A";"89966";"A";"11015";"A";"104630";"A";"-1831";"A"
"1996-T4";"7009";"A";"38223";"A";"14157";"A";"1142";"A";"12484";"A";"29029";"A";"11106";"A";"3845";"A";"3784";"A";"6203";"A";"14964";"A";"4266";"A";"8601";"A";"42747";"A";"4153";"A";"11016";"A";"8681";"A";"104022";"A";"86237";"A";"97131";"A";"89463";"A";"11016";"A";"104143";"A";"-1614";"A"
"1996-T3";"7002";"A";"37847";"A";"14165";"A";"1121";"A";"15787";"A";"29136";"A";"11186";"A";"3844";"A";"3898";"A";"6192";"A";"14753";"A";"4188";"A";"8482";"A";"42543";"A";"4105";"A";"10917";"A";"8545";"A";"107046";"A";"89104";"A";"100139";"A";"88673";"A";"10917";"A";"103247";"A";"-1470";"A"
"1996-T2";"6854";"A";"37871";"A";"14226";"A";"1100";"A";"13694";"A";"29156";"A";"11103";"A";"3809";"A";"3890";"A";"6192";"A";"14914";"A";"4134";"A";"8364";"A";"42346";"A";"4076";"A";"10845";"A";"8656";"A";"104729";"A";"87055";"A";"97969";"A";"88414";"A";"10845";"A";"102892";"A";"-1330";"A"
"1996-T1";"6822";"A";"38140";"A";"14470";"A";"1086";"A";"14059";"A";"29028";"A";"11327";"A";"3791";"A";"4040";"A";"6145";"A";"15121";"A";"4143";"A";"8247";"A";"42193";"A";"4115";"A";"10792";"A";"8527";"A";"105388";"A";"87551";"A";"98651";"A";"88287";"A";"10792";"A";"102701";"A";"-1263";"A"
"1995-T4";"6947";"A";"38108";"A";"14382";"A";"1077";"A";"12367";"A";"28927";"A";"10474";"A";"3788";"A";"4158";"A";"5802";"A";"15269";"A";"4110";"A";"8122";"A";"41931";"A";"4076";"A";"10691";"A";"8538";"A";"102930";"A";"85705";"A";"96101";"A";"87710";"A";"10691";"A";"102020";"A";"-1375";"A"
"1995-T3";"6916";"A";"38089";"A";"14171";"A";"1057";"A";"12120";"A";"29244";"A";"10785";"A";"3802";"A";"4218";"A";"5967";"A";"15470";"A";"4101";"A";"8011";"A";"41688";"A";"4128";"A";"10655";"A";"8350";"A";"102973";"A";"85543";"A";"96171";"A";"87544";"A";"10655";"A";"101831";"A";"-1505";"A"
"1995-T2";"6915";"A";"38001";"A";"14482";"A";"1041";"A";"14818";"A";"29224";"A";"10777";"A";"3817";"A";"4276";"A";"5950";"A";"15609";"A";"4066";"A";"7895";"A";"41496";"A";"4114";"A";"10631";"A";"8183";"A";"105632";"A";"88118";"A";"98813";"A";"87099";"A";"10631";"A";"101366";"A";"-1705";"A"
"1995-T1";"6951";"A";"37950";"A";"14364";"A";"1026";"A";"12844";"A";"29065";"A";"10440";"A";"3820";"A";"4312";"A";"5899";"A";"15422";"A";"4045";"A";"7774";"A";"41232";"A";"4119";"A";"10629";"A";"8057";"A";"103085";"A";"85876";"A";"96251";"A";"86362";"A";"10629";"A";"100611";"A";"-1814";"A"
"1994-T4";"6854";"A";"37471";"A";"14268";"A";"999";"A";"13423";"A";"29070";"A";"10000";"A";"3794";"A";"4311";"A";"5961";"A";"15773";"A";"4018";"A";"7655";"A";"41004";"A";"4087";"A";"10627";"A";"8010";"A";"102647";"A";"85857";"A";"95901";"A";"86195";"A";"10627";"A";"100420";"A";"-1833";"A"
"1994-T3";"6882";"A";"37663";"A";"14512";"A";"977";"A";"13206";"A";"29188";"A";"10471";"A";"3713";"A";"4303";"A";"5886";"A";"15278";"A";"3970";"A";"7547";"A";"40756";"A";"4063";"A";"10608";"A";"8151";"A";"103094";"A";"85922";"A";"96321";"A";"85330";"A";"10608";"A";"99454";"A";"-1890";"A"
"1994-T2";"6942";"A";"37552";"A";"14430";"A";"955";"A";"13538";"A";"28911";"A";"10658";"A";"3744";"A";"4113";"A";"5860";"A";"15185";"A";"3931";"A";"7460";"A";"40503";"A";"4027";"A";"10605";"A";"8176";"A";"103051";"A";"85693";"A";"96225";"A";"84663";"A";"10605";"A";"98791";"A";"-1919";"A"
"1994-T1";"7015";"A";"37279";"A";"14460";"A";"923";"A";"12492";"A";"29437";"A";"9958";"A";"3759";"A";"4144";"A";"5842";"A";"15279";"A";"3870";"A";"7396";"A";"40230";"A";"3982";"A";"10598";"A";"8298";"A";"101687";"A";"84827";"A";"94809";"A";"84336";"A";"10598";"A";"98460";"A";"-2017";"A"
"1993-T4";"6844";"A";"37772";"A";"14597";"A";"904";"A";"12037";"A";"29429";"A";"10888";"A";"3738";"A";"4143";"A";"5781";"A";"15415";"A";"3863";"A";"7364";"A";"39953";"A";"3927";"A";"10546";"A";"8128";"A";"102142";"A";"84731";"A";"95408";"A";"83913";"A";"10546";"A";"97965";"A";"-2122";"A"
"1993-T3";"6800";"A";"37565";"A";"14394";"A";"915";"A";"12223";"A";"29504";"A";"10399";"A";"3733";"A";"4190";"A";"5828";"A";"15430";"A";"3803";"A";"7309";"A";"39685";"A";"3888";"A";"10399";"A";"8359";"A";"101790";"A";"84786";"A";"95097";"A";"83696";"A";"10399";"A";"97614";"A";"-2059";"A"
"1993-T2";"6782";"A";"37597";"A";"14940";"A";"894";"A";"11844";"A";"29764";"A";"10072";"A";"3723";"A";"4179";"A";"5837";"A";"15613";"A";"3761";"A";"7252";"A";"39448";"A";"3870";"A";"10403";"A";"8374";"A";"101618";"A";"84874";"A";"94942";"A";"83447";"A";"10403";"A";"97353";"A";"-1959";"A"
"1993-T1";"6661";"A";"37148";"A";"14926";"A";"887";"A";"11665";"A";"29533";"A";"10299";"A";"3707";"A";"4237";"A";"5860";"A";"15641";"A";"3744";"A";"7193";"A";"39211";"A";"3873";"A";"10299";"A";"8047";"A";"100843";"A";"84065";"A";"94280";"A";"82921";"A";"10299";"A";"96713";"A";"-1873";"A"
"1992-T4";"6847";"A";"37261";"A";"14779";"A";"876";"A";"13846";"A";"29863";"A";"10444";"A";"3688";"A";"4245";"A";"5942";"A";"15749";"A";"3709";"A";"7135";"A";"39030";"A";"3891";"A";"10214";"A";"8218";"A";"103553";"A";"86414";"A";"96806";"A";"82903";"A";"10214";"A";"96610";"A";"-1875";"A"
"1992-T3";"6944";"A";"37209";"A";"14847";"A";"873";"A";"13301";"A";"29682";"A";"10155";"A";"3670";"A";"4379";"A";"5942";"A";"15907";"A";"3709";"A";"7081";"A";"38784";"A";"3891";"A";"10121";"A";"8411";"A";"102690";"A";"85694";"A";"95850";"A";"82966";"A";"10121";"A";"96583";"A";"-1994";"A"
"1992-T2";"6725";"A";"36980";"A";"14798";"A";"863";"A";"13098";"A";"29996";"A";"10107";"A";"3657";"A";"4388";"A";"5921";"A";"15868";"A";"3683";"A";"7036";"A";"38526";"A";"3871";"A";"10000";"A";"8181";"A";"102289";"A";"85546";"A";"95662";"A";"82367";"A";"10000";"A";"95854";"A";"-2063";"A"
"1992-T1";"6572";"A";"36902";"A";"15149";"A";"869";"A";"13246";"A";"29584";"A";"10287";"A";"3647";"A";"4368";"A";"5905";"A";"16008";"A";"3680";"A";"6999";"A";"38254";"A";"3829";"A";"9930";"A";"8369";"A";"102171";"A";"85447";"A";"95693";"A";"82275";"A";"9930";"A";"95692";"A";"-2014";"A"
"1991-T4";"6545";"A";"37069";"A";"15134";"A";"862";"A";"12871";"A";"30149";"A";"10302";"A";"3640";"A";"4394";"A";"5867";"A";"16027";"A";"3648";"A";"6974";"A";"38040";"A";"3767";"A";"9810";"A";"8205";"A";"102472";"A";"85745";"A";"96009";"A";"81788";"A";"9810";"A";"95085";"A";"-1903";"A"
"1991-T3";"6672";"A";"37147";"A";"14837";"A";"866";"A";"13243";"A";"29516";"A";"9928";"A";"3633";"A";"4497";"A";"5796";"A";"16058";"A";"3619";"A";"6958";"A";"37779";"A";"3716";"A";"9701";"A";"8214";"A";"101934";"A";"85376";"A";"95355";"A";"81468";"A";"9701";"A";"94658";"A";"-1700";"A"
"1991-T2";"6890";"A";"36609";"A";"14743";"A";"856";"A";"13257";"A";"30266";"A";"10042";"A";"3627";"A";"4520";"A";"5750";"A";"16011";"A";"3613";"A";"6954";"A";"37525";"A";"3686";"A";"9652";"A";"8306";"A";"102456";"A";"85604";"A";"95673";"A";"81237";"A";"9652";"A";"94374";"A";"-1497";"A"
"1991-T1";"6986";"A";"37051";"A";"14747";"A";"855";"A";"13273";"A";"30210";"A";"9807";"A";"3622";"A";"4517";"A";"5672";"A";"15917";"A";"3571";"A";"6963";"A";"37265";"A";"3676";"A";"9523";"A";"8091";"A";"102683";"A";"85903";"A";"95810";"A";"80646";"A";"9523";"A";"93652";"A";"-1332";"A"
"1990-T4";"6933";"A";"36696";"A";"14259";"A";"857";"A";"13590";"A";"30550";"A";"9736";"A";"3616";"A";"4608";"A";"5880";"A";"15947";"A";"3566";"A";"6988";"A";"37000";"A";"3691";"A";"9460";"A";"8228";"A";"102690";"A";"86008";"A";"95869";"A";"80861";"A";"9460";"A";"93815";"A";"-1235";"A"
"1990-T3";"6844";"A";"36585";"A";"14562";"A";"839";"A";"14243";"A";"29826";"A";"9429";"A";"3606";"A";"4576";"A";"5891";"A";"15864";"A";"3485";"A";"6982";"A";"36727";"A";"3707";"A";"9450";"A";"8064";"A";"102216";"A";"85847";"A";"95477";"A";"80271";"A";"9450";"A";"93193";"A";"-1254";"A"
"1990-T2";"6830";"A";"36477";"A";"14799";"A";"806";"A";"14322";"A";"29763";"A";"9275";"A";"3592";"A";"4630";"A";"5946";"A";"15902";"A";"3505";"A";"6952";"A";"36463";"A";"3718";"A";"9360";"A";"7934";"A";"101902";"A";"85666";"A";"95178";"A";"80060";"A";"9360";"A";"92889";"A";"-1279";"A"
"1990-T1";"6777";"A";"36452";"A";"15007";"A";"782";"A";"15007";"A";"29828";"A";"8622";"A";"3574";"A";"4725";"A";"5917";"A";"15831";"A";"3450";"A";"6899";"A";"36182";"A";"3726";"A";"9397";"A";"7901";"A";"102028";"A";"86297";"A";"95350";"A";"79562";"A";"9397";"A";"92397";"A";"-1344";"A"
"1989-T4";"6838";"A";"36171";"A";"14593";"A";"777";"A";"14554";"A";"29482";"A";"8912";"A";"3553";"A";"4743";"A";"5822";"A";"15741";"A";"3376";"A";"6837";"A";"35895";"A";"3717";"A";"9255";"A";"7952";"A";"101001";"A";"85049";"A";"94274";"A";"78935";"A";"9255";"A";"91615";"A";"-1307";"A"
"1989-T3";"6834";"A";"35772";"A";"14647";"A";"783";"A";"14641";"A";"29191";"A";"8998";"A";"3531";"A";"4648";"A";"5695";"A";"15701";"A";"3391";"A";"6759";"A";"35603";"A";"3696";"A";"9129";"A";"8013";"A";"100602";"A";"84605";"A";"93882";"A";"78423";"A";"9129";"A";"90964";"A";"-1229";"A"
"1989-T2";"6818";"A";"35684";"A";"14474";"A";"757";"A";"13779";"A";"29137";"A";"8943";"A";"3509";"A";"4624";"A";"5665";"A";"15361";"A";"3316";"A";"6684";"A";"35323";"A";"3654";"A";"9029";"A";"7824";"A";"99277";"A";"83380";"A";"92579";"A";"77388";"A";"9029";"A";"89798";"A";"-1071";"A"
"1989-T1";"6860";"A";"35692";"A";"14898";"A";"717";"A";"13931";"A";"29239";"A";"8500";"A";"3488";"A";"4594";"A";"5661";"A";"15448";"A";"3292";"A";"6614";"A";"35050";"A";"3591";"A";"8937";"A";"7791";"A";"99160";"A";"83554";"A";"92425";"A";"76931";"A";"8937";"A";"89234";"A";"-850";"A"
"1988-T4";"6801";"A";"35115";"A";"14632";"A";"719";"A";"14274";"A";"28347";"A";"8885";"A";"3467";"A";"4619";"A";"5513";"A";"15155";"A";"3188";"A";"6553";"A";"34778";"A";"3512";"A";"8776";"A";"7791";"A";"98212";"A";"82408";"A";"91535";"A";"75944";"A";"8776";"A";"88065";"A";"-537";"A"
"1988-T3";"6798";"A";"35025";"A";"14506";"A";"723";"A";"13241";"A";"28558";"A";"8842";"A";"3451";"A";"4560";"A";"5492";"A";"14951";"A";"3156";"A";"6480";"A";"34473";"A";"3440";"A";"8716";"A";"7690";"A";"97278";"A";"81541";"A";"90610";"A";"75127";"A";"8716";"A";"87164";"A";"-340";"A"
"1988-T2";"6802";"A";"34749";"A";"14325";"A";"714";"A";"12563";"A";"28268";"A";"8554";"A";"3442";"A";"4471";"A";"5467";"A";"14841";"A";"3120";"A";"6406";"A";"34152";"A";"3379";"A";"8609";"A";"7777";"A";"95701";"A";"80226";"A";"89039";"A";"74503";"A";"8609";"A";"86423";"A";"-319";"A"
"1988-T1";"6747";"A";"34646";"A";"14587";"A";"684";"A";"12577";"A";"27925";"A";"8653";"A";"3438";"A";"4524";"A";"5395";"A";"14746";"A";"3094";"A";"6331";"A";"33797";"A";"3330";"A";"8558";"A";"7753";"A";"95208";"A";"79725";"A";"88598";"A";"73841";"A";"8558";"A";"85696";"A";"-326";"A"
"1987-T4";"6685";"A";"34458";"A";"14414";"A";"664";"A";"13552";"A";"28324";"A";"8832";"A";"3439";"A";"4653";"A";"5344";"A";"14672";"A";"3029";"A";"6258";"A";"33424";"A";"3289";"A";"8444";"A";"7601";"A";"96207";"A";"80635";"A";"89646";"A";"73045";"A";"8444";"A";"84781";"A";"-377";"A"
"1987-T3";"6614";"A";"34247";"A";"14629";"A";"637";"A";"12297";"A";"27607";"A";"8955";"A";"3432";"A";"4447";"A";"5275";"A";"14475";"A";"3013";"A";"6179";"A";"33073";"A";"3244";"A";"8319";"A";"7559";"A";"94035";"A";"78491";"A";"87553";"A";"72196";"A";"8319";"A";"83794";"A";"-331";"A"
"1987-T2";"6535";"A";"34099";"A";"14641";"A";"617";"A";"12146";"A";"28043";"A";"8840";"A";"3415";"A";"4464";"A";"5200";"A";"14476";"A";"2989";"A";"6099";"A";"32777";"A";"3194";"A";"8235";"A";"7586";"A";"93889";"A";"78507";"A";"87476";"A";"71656";"A";"8235";"A";"83154";"A";"-213";"A"
"1987-T1";"6480";"A";"33502";"A";"14228";"A";"615";"A";"11846";"A";"27342";"A";"9535";"A";"3389";"A";"4335";"A";"5077";"A";"14307";"A";"2959";"A";"6019";"A";"32513";"A";"3136";"A";"8155";"A";"7593";"A";"92683";"A";"76832";"A";"86328";"A";"70865";"A";"8155";"A";"82254";"A";"-205";"A"
"1986-T4";"6446";"A";"33380";"A";"14223";"A";"600";"A";"11766";"A";"27651";"A";"8558";"A";"3355";"A";"4511";"A";"5043";"A";"14574";"A";"2917";"A";"5947";"A";"32292";"A";"3073";"A";"8109";"A";"7495";"A";"91776";"A";"76766";"A";"85455";"A";"70536";"A";"8109";"A";"81853";"A";"-265";"A"
"1986-T3";"6542";"A";"33227";"A";"15125";"A";"594";"A";"11609";"A";"27599";"A";"8620";"A";"3327";"A";"4486";"A";"5087";"A";"14508";"A";"2892";"A";"5874";"A";"32065";"A";"3008";"A";"8017";"A";"7461";"A";"92156";"A";"77005";"A";"85751";"A";"70034";"A";"8017";"A";"81236";"A";"-391";"A"
"1986-T2";"6591";"A";"32996";"A";"14663";"A";"588";"A";"11489";"A";"27724";"A";"8934";"A";"3307";"A";"4492";"A";"5037";"A";"14386";"A";"2880";"A";"5813";"A";"31834";"A";"2941";"A";"7942";"A";"7425";"A";"91937";"A";"76485";"A";"85492";"A";"69473";"A";"7942";"A";"80579";"A";"-606";"A"
"1986-T1";"6422";"A";"32599";"A";"14690";"A";"571";"A";"10643";"A";"27120";"A";"8886";"A";"3295";"A";"4389";"A";"5055";"A";"14315";"A";"2856";"A";"5763";"A";"31582";"A";"2873";"A";"7860";"A";"7410";"A";"89949";"A";"74730";"A";"83666";"A";"68955";"A";"7860";"A";"79967";"A";"-769";"A"
"1985-T4";"6347";"A";"32594";"A";"14411";"A";"554";"A";"10470";"A";"27301";"A";"8573";"A";"3289";"A";"4363";"A";"5045";"A";"14256";"A";"2842";"A";"5730";"A";"31322";"A";"2806";"A";"7795";"A";"7382";"A";"89303";"A";"74428";"A";"83089";"A";"68502";"A";"7795";"A";"79442";"A";"-886";"A"
"1985-T3";"6268";"A";"32292";"A";"14418";"A";"535";"A";"10671";"A";"26566";"A";"8274";"A";"3284";"A";"4430";"A";"5046";"A";"14324";"A";"2829";"A";"5688";"A";"31083";"A";"2752";"A";"7666";"A";"7335";"A";"88039";"A";"73517";"A";"81904";"A";"68188";"A";"7666";"A";"78998";"A";"-1060";"A"
"1985-T2";"6244";"A";"32325";"A";"13959";"A";"518";"A";"10510";"A";"26695";"A";"8201";"A";"3276";"A";"4394";"A";"5018";"A";"14208";"A";"2822";"A";"5649";"A";"30875";"A";"2713";"A";"7618";"A";"7305";"A";"87511";"A";"73085";"A";"81401";"A";"67745";"A";"7618";"A";"78497";"A";"-1186";"A"
"1985-T1";"6392";"A";"32545";"A";"14245";"A";"507";"A";"10500";"A";"26321";"A";"8668";"A";"3268";"A";"4456";"A";"4984";"A";"13926";"A";"2785";"A";"5612";"A";"30693";"A";"2689";"A";"7542";"A";"7256";"A";"87933";"A";"72975";"A";"81693";"A";"67163";"A";"7542";"A";"77826";"A";"-1242";"A"
"1984-T4";"6462";"A";"31920";"A";"14027";"A";"488";"A";"10299";"A";"26284";"A";"7851";"A";"3258";"A";"4333";"A";"4933";"A";"13924";"A";"2749";"A";"5585";"A";"30528";"A";"2679";"A";"7440";"A";"7227";"A";"86258";"A";"71977";"A";"79972";"A";"66753";"A";"7440";"A";"77308";"A";"-1239";"A"
"1984-T3";"6398";"A";"32095";"A";"14143";"A";"505";"A";"10467";"A";"26862";"A";"7973";"A";"3252";"A";"4542";"A";"4923";"A";"13923";"A";"2696";"A";"5548";"A";"30320";"A";"2678";"A";"7342";"A";"7203";"A";"87382";"A";"73024";"A";"81142";"A";"66451";"A";"7342";"A";"76903";"A";"-1143";"A"
"1984-T2";"6327";"A";"32060";"A";"14471";"A";"517";"A";"10317";"A";"26573";"A";"7910";"A";"3248";"A";"4439";"A";"4861";"A";"13954";"A";"2715";"A";"5514";"A";"30060";"A";"2685";"A";"7257";"A";"7218";"A";"87142";"A";"72903";"A";"80965";"A";"66173";"A";"7257";"A";"76538";"A";"-1078";"A"
"1984-T1";"6229";"A";"31801";"A";"14630";"A";"510";"A";"10405";"A";"26677";"A";"7779";"A";"3249";"A";"4400";"A";"4895";"A";"13961";"A";"2733";"A";"5483";"A";"29749";"A";"2699";"A";"7205";"A";"7249";"A";"86959";"A";"72918";"A";"80869";"A";"65982";"A";"7205";"A";"76295";"A";"-1087";"A"
"1983-T4";"6107";"A";"31349";"A";"14261";"A";"497";"A";"11362";"A";"26615";"A";"7563";"A";"3252";"A";"4390";"A";"4883";"A";"13778";"A";"2678";"A";"5459";"A";"29391";"A";"2718";"A";"7152";"A";"7293";"A";"86766";"A";"73020";"A";"80783";"A";"65439";"A";"7152";"A";"75694";"A";"-1137";"A"
"1983-T3";"6111";"A";"31448";"A";"14199";"A";"509";"A";"10948";"A";"26600";"A";"7314";"A";"3260";"A";"4403";"A";"4856";"A";"13934";"A";"2642";"A";"5431";"A";"29035";"A";"2725";"A";"7075";"A";"7305";"A";"86311";"A";"72781";"A";"80330";"A";"65132";"A";"7075";"A";"75314";"A";"-1047";"A"
"1983-T2";"6116";"A";"31235";"A";"14487";"A";"509";"A";"11414";"A";"26998";"A";"7361";"A";"3271";"A";"4346";"A";"4879";"A";"14003";"A";"2621";"A";"5408";"A";"28713";"A";"2718";"A";"6943";"A";"7286";"A";"87185";"A";"73586";"A";"81190";"A";"64813";"A";"6943";"A";"74873";"A";"-793";"A"
"1983-T1";"6090";"A";"31536";"A";"14259";"A";"531";"A";"11069";"A";"27485";"A";"7148";"A";"3285";"A";"4477";"A";"4926";"A";"13946";"A";"2615";"A";"5390";"A";"28403";"A";"2695";"A";"6931";"A";"7275";"A";"87425";"A";"74017";"A";"81450";"A";"64559";"A";"6931";"A";"74611";"A";"-635";"A"
"1982-T4";"6073";"A";"31632";"A";"13745";"A";"543";"A";"11661";"A";"27598";"A";"7210";"A";"3301";"A";"4655";"A";"4901";"A";"14126";"A";"2580";"A";"5377";"A";"28032";"A";"2662";"A";"6882";"A";"7183";"A";"87983";"A";"74528";"A";"82018";"A";"64241";"A";"6882";"A";"74254";"A";"-446";"A"
"1982-T3";"6057";"A";"31148";"A";"14436";"A";"532";"A";"10857";"A";"27138";"A";"7015";"A";"3308";"A";"4524";"A";"4720";"A";"14137";"A";"2541";"A";"5359";"A";"27796";"A";"2637";"A";"6748";"A";"7193";"A";"86558";"A";"73313";"A";"80618";"A";"63691";"A";"6748";"A";"73570";"A";"-365";"A"
"1982-T2";"6080";"A";"30832";"A";"14423";"A";"554";"A";"10637";"A";"27498";"A";"6873";"A";"3302";"A";"4616";"A";"4887";"A";"13988";"A";"2539";"A";"5336";"A";"27589";"A";"2625";"A";"6625";"A";"7207";"A";"86560";"A";"73410";"A";"80601";"A";"63565";"A";"6625";"A";"73321";"A";"-379";"A"
"1982-T1";"6019";"A";"30638";"A";"13949";"A";"515";"A";"11107";"A";"27067";"A";"6707";"A";"3285";"A";"4512";"A";"4942";"A";"13999";"A";"2463";"A";"5307";"A";"27384";"A";"2625";"A";"6551";"A";"7175";"A";"85558";"A";"72622";"A";"79661";"A";"63137";"A";"6551";"A";"72803";"A";"-232";"A"
"1981-T4";"5978";"A";"30679";"A";"14405";"A";"513";"A";"9947";"A";"26741";"A";"6993";"A";"3260";"A";"4450";"A";"4876";"A";"13865";"A";"2444";"A";"5276";"A";"27339";"A";"2633";"A";"6445";"A";"7180";"A";"84677";"A";"71576";"A";"78823";"A";"62830";"A";"6445";"A";"72373";"A";"-146";"A"
"1981-T3";"5882";"A";"30514";"A";"14034";"A";"488";"A";"9460";"A";"26354";"A";"6948";"A";"3246";"A";"4516";"A";"4763";"A";"13652";"A";"2424";"A";"5241";"A";"27167";"A";"2638";"A";"6441";"A";"7173";"A";"83102";"A";"70168";"A";"77344";"A";"62344";"A";"6441";"A";"71866";"A";"-137";"A"
"1981-T2";"5791";"A";"30670";"A";"14499";"A";"472";"A";"10112";"A";"25954";"A";"6706";"A";"3249";"A";"4502";"A";"4768";"A";"13741";"A";"2358";"A";"5210";"A";"26966";"A";"2636";"A";"6401";"A";"7194";"A";"83297";"A";"70615";"A";"77613";"A";"62021";"A";"6401";"A";"71500";"A";"-176";"A"
"1981-T1";"5743";"A";"30159";"A";"14244";"A";"459";"A";"9363";"A";"25805";"A";"6511";"A";"3267";"A";"4510";"A";"4694";"A";"13910";"A";"2299";"A";"5182";"A";"26721";"A";"2626";"A";"6361";"A";"7285";"A";"81559";"A";"69123";"A";"75932";"A";"61731";"A";"6361";"A";"71179";"A";"-316";"A"
"1980-T4";"5765";"A";"30293";"A";"14724";"A";"477";"A";"9162";"A";"25788";"A";"6785";"A";"3295";"A";"4459";"A";"4685";"A";"13823";"A";"2256";"A";"5157";"A";"26459";"A";"2610";"A";"6290";"A";"7356";"A";"82178";"A";"69498";"A";"76527";"A";"61314";"A";"6290";"A";"70705";"A";"-436";"A"
"1980-T3";"5742";"A";"29980";"A";"14582";"A";"455";"A";"9495";"A";"25630";"A";"6758";"A";"3301";"A";"4514";"A";"4596";"A";"13673";"A";"2225";"A";"5131";"A";"26199";"A";"2591";"A";"6233";"A";"7364";"A";"81726";"A";"69102";"A";"76099";"A";"60796";"A";"6233";"A";"70127";"A";"-510";"A"
"1980-T2";"5759";"A";"30028";"A";"14787";"A";"416";"A";"9429";"A";"25471";"A";"6714";"A";"3279";"A";"4675";"A";"4625";"A";"13804";"A";"2191";"A";"5103";"A";"25951";"A";"2571";"A";"6187";"A";"7434";"A";"81221";"A";"68632";"A";"75583";"A";"60666";"A";"6187";"A";"69937";"A";"-510";"A"
"1980-T1";"5778";"A";"30040";"A";"14590";"A";"454";"A";"9942";"A";"26268";"A";"6651";"A";"3229";"A";"4510";"A";"4647";"A";"13846";"A";"2151";"A";"5074";"A";"25704";"A";"2549";"A";"6169";"A";"7417";"A";"82776";"A";"70157";"A";"77110";"A";"60247";"A";"6169";"A";"69459";"A";"-417";"A"
"1979-T4";"5849";"A";"29590";"A";"14290";"A";"437";"A";"9662";"A";"26545";"A";"6537";"A";"3156";"A";"4655";"A";"4602";"A";"13729";"A";"2111";"A";"5036";"A";"25486";"A";"2528";"A";"6176";"A";"7417";"A";"82070";"A";"69496";"A";"76348";"A";"59809";"A";"6176";"A";"68969";"A";"-386";"A"
"1979-T3";"5853";"A";"29458";"A";"14358";"A";"427";"A";"9712";"A";"26520";"A";"6462";"A";"3116";"A";"4706";"A";"4564";"A";"13688";"A";"2067";"A";"4995";"A";"25230";"A";"2498";"A";"6162";"A";"7393";"A";"81853";"A";"69334";"A";"76127";"A";"59306";"A";"6162";"A";"68417";"A";"-350";"A"
"1979-T2";"5880";"A";"29246";"A";"14966";"A";"419";"A";"9894";"A";"26386";"A";"6438";"A";"3107";"A";"4752";"A";"4569";"A";"13663";"A";"2022";"A";"4943";"A";"24959";"A";"2468";"A";"6133";"A";"7376";"A";"81955";"A";"69425";"A";"76204";"A";"58825";"A";"6133";"A";"67893";"A";"-372";"A"
"1979-T1";"5888";"A";"29038";"A";"15489";"A";"414";"A";"9545";"A";"26169";"A";"6399";"A";"3131";"A";"4801";"A";"4543";"A";"13728";"A";"1988";"A";"4879";"A";"24719";"A";"2437";"A";"6087";"A";"7400";"A";"81432";"A";"68941";"A";"75677";"A";"58444";"A";"6087";"A";"67477";"A";"-451";"A"
"1978-T4";"5851";"A";"28853";"A";"15404";"A";"408";"A";"9357";"A";"25833";"A";"6289";"A";"3183";"A";"4846";"A";"4463";"A";"13811";"A";"1951";"A";"4803";"A";"24465";"A";"2401";"A";"6026";"A";"7432";"A";"80550";"A";"68200";"A";"74835";"A";"57991";"A";"6026";"A";"66993";"A";"-588";"A"
"1978-T3";"5850";"A";"28570";"A";"14306";"A";"402";"A";"9327";"A";"25542";"A";"6076";"A";"3227";"A";"4867";"A";"4422";"A";"13832";"A";"1908";"A";"4737";"A";"24194";"A";"2365";"A";"5954";"A";"7450";"A";"79221";"A";"67061";"A";"73506";"A";"57486";"A";"5954";"A";"66438";"A";"-637";"A"
"1978-T2";"5756";"A";"28470";"A";"15194";"A";"396";"A";"9488";"A";"25275";"A";"6080";"A";"3263";"A";"4887";"A";"4335";"A";"13794";"A";"1862";"A";"4682";"A";"23909";"A";"2321";"A";"5874";"A";"7457";"A";"79322";"A";"67246";"A";"73700";"A";"56884";"A";"5874";"A";"65771";"A";"-598";"A"
"1978-T1";"5674";"A";"28257";"A";"15085";"A";"382";"A";"9018";"A";"24791";"A";"5982";"A";"3293";"A";"4880";"A";"4298";"A";"13656";"A";"1793";"A";"4639";"A";"23583";"A";"2277";"A";"5782";"A";"7429";"A";"77862";"A";"65975";"A";"72319";"A";"56136";"A";"5782";"A";"64940";"A";"-471";"A"
"1977-T4";"5602";"A";"27905";"A";"14031";"A";"380";"A";"8837";"A";"24794";"A";"5790";"A";"3319";"A";"4862";"A";"4209";"A";"13576";"A";"1770";"A";"4610";"A";"23317";"A";"2237";"A";"5680";"A";"7447";"A";"76640";"A";"64992";"A";"71168";"A";"55635";"A";"5680";"A";"64350";"A";"-257";"A"
"1977-T3";"5515";"A";"27714";"A";"14205";"A";"383";"A";"8541";"A";"24964";"A";"5692";"A";"3335";"A";"4866";"A";"4130";"A";"13451";"A";"1758";"A";"4613";"A";"23032";"A";"2202";"A";"5597";"A";"7443";"A";"76334";"A";"64844";"A";"70945";"A";"55175";"A";"5597";"A";"63811";"A";"-87";"A"
"1977-T2";"5472";"A";"27539";"A";"14297";"A";"365";"A";"8378";"A";"24421";"A";"5550";"A";"3343";"A";"4869";"A";"4072";"A";"13308";"A";"1681";"A";"4647";"A";"22745";"A";"2176";"A";"5529";"A";"7415";"A";"75167";"A";"63854";"A";"69822";"A";"54566";"A";"5529";"A";"63131";"A";"37";"A"
"1977-T1";"5453";"A";"27381";"A";"13669";"A";"367";"A";"8876";"A";"24528";"A";"5296";"A";"3341";"A";"4888";"A";"4035";"A";"13147";"A";"1652";"A";"4712";"A";"22456";"A";"2161";"A";"5479";"A";"7381";"A";"75157";"A";"64041";"A";"69829";"A";"54181";"A";"5479";"A";"62689";"A";"117";"A"
"1976-T4";"5392";"A";"27527";"A";"14580";"A";"366";"A";"8783";"A";"24528";"A";"5170";"A";"3317";"A";"4916";"A";"4011";"A";"12951";"A";"1605";"A";"4809";"A";"22154";"A";"2151";"A";"5445";"A";"7323";"A";"75453";"A";"64472";"A";"70180";"A";"53768";"A";"5445";"A";"62219";"A";"152";"A"
"1976-T3";"5416";"A";"27317";"A";"14996";"A";"362";"A";"8293";"A";"24401";"A";"5056";"A";"3278";"A";"4917";"A";"3983";"A";"12760";"A";"1556";"A";"4829";"A";"21848";"A";"2124";"A";"5408";"A";"7257";"A";"74778";"A";"63877";"A";"69486";"A";"53169";"A";"5408";"A";"61547";"A";"162";"A"
"1976-T2";"5402";"A";"27358";"A";"13962";"A";"353";"A";"8079";"A";"24113";"A";"4856";"A";"3221";"A";"4875";"A";"3946";"A";"12722";"A";"1530";"A";"4771";"A";"21627";"A";"2094";"A";"5372";"A";"7247";"A";"73551";"A";"62842";"A";"68277";"A";"52686";"A";"5372";"A";"60983";"A";"144";"A"
"1976-T1";"5413";"A";"27240";"A";"14806";"A";"346";"A";"7710";"A";"23897";"A";"4920";"A";"3155";"A";"4813";"A";"3831";"A";"12610";"A";"1484";"A";"4635";"A";"21350";"A";"2033";"A";"5336";"A";"7194";"A";"73265";"A";"62513";"A";"67982";"A";"51763";"A";"5336";"A";"59965";"A";"101";"A"
"1975-T4";"5447";"A";"27129";"A";"14610";"A";"342";"A";"7269";"A";"23758";"A";"4939";"A";"3102";"A";"4713";"A";"3796";"A";"12509";"A";"1457";"A";"4422";"A";"21070";"A";"1964";"A";"5299";"A";"7136";"A";"72509";"A";"61735";"A";"67192";"A";"50808";"A";"5299";"A";"58923";"A";"32";"A"
"1975-T3";"5527";"A";"26890";"A";"14149";"A";"323";"A";"6850";"A";"23150";"A";"4873";"A";"3091";"A";"4624";"A";"3760";"A";"12461";"A";"1402";"A";"4354";"A";"20830";"A";"1917";"A";"5261";"A";"7115";"A";"70873";"A";"60137";"A";"65496";"A";"50149";"A";"5261";"A";"58205";"A";"-15";"A"
"1975-T2";"5570";"A";"26590";"A";"13843";"A";"309";"A";"6398";"A";"22711";"A";"4767";"A";"3135";"A";"4565";"A";"3683";"A";"12383";"A";"1351";"A";"4434";"A";"20577";"A";"1888";"A";"5223";"A";"7103";"A";"69413";"A";"58767";"A";"64006";"A";"49743";"A";"5223";"A";"57779";"A";"-41";"A"
"1975-T1";"5610";"A";"26386";"A";"12845";"A";"307";"A";"6259";"A";"22694";"A";"4529";"A";"3228";"A";"4525";"A";"3661";"A";"12299";"A";"1326";"A";"4659";"A";"20327";"A";"1885";"A";"5184";"A";"7111";"A";"68444";"A";"57960";"A";"63009";"A";"49781";"A";"5184";"A";"57838";"A";"-44";"A"
"1974-T4";"5613";"A";"26325";"A";"13600";"A";"297";"A";"6205";"A";"22450";"A";"4419";"A";"3339";"A";"4515";"A";"3534";"A";"12082";"A";"1254";"A";"5032";"A";"20003";"A";"1881";"A";"5141";"A";"7077";"A";"68286";"A";"57879";"A";"62849";"A";"49696";"A";"5141";"A";"57779";"A";"-25";"A"
"1974-T3";"5635";"A";"26210";"A";"13748";"A";"303";"A";"6197";"A";"22739";"A";"4280";"A";"3428";"A";"4524";"A";"3574";"A";"12049";"A";"1267";"A";"5212";"A";"19796";"A";"1894";"A";"5101";"A";"7109";"A";"68533";"A";"58191";"A";"63075";"A";"49931";"A";"5101";"A";"58035";"A";"-12";"A"
"1974-T2";"5655";"A";"26008";"A";"13881";"A";"299";"A";"6548";"A";"22761";"A";"4169";"A";"3462";"A";"4535";"A";"3548";"A";"11980";"A";"1252";"A";"5199";"A";"19574";"A";"1886";"A";"5062";"A";"7100";"A";"68648";"A";"58358";"A";"63171";"A";"49587";"A";"5062";"A";"57666";"A";"-4";"A"
"1974-T1";"5688";"A";"25834";"A";"13204";"A";"296";"A";"6750";"A";"22850";"A";"4004";"A";"3435";"A";"4557";"A";"3524";"A";"11975";"A";"1261";"A";"4994";"A";"19397";"A";"1873";"A";"5025";"A";"7098";"A";"68380";"A";"58181";"A";"62875";"A";"49065";"A";"5025";"A";"57079";"A";"-2";"A"
"1973-T4";"5714";"A";"25640";"A";"15356";"A";"283";"A";"6814";"A";"22622";"A";"4174";"A";"3365";"A";"4604";"A";"3513";"A";"12003";"A";"1261";"A";"4597";"A";"19248";"A";"1848";"A";"4989";"A";"7089";"A";"68884";"A";"58528";"A";"63350";"A";"48195";"A";"4989";"A";"56111";"A";"-6";"A"
"1973-T3";"5717";"A";"25524";"A";"14083";"A";"259";"A";"6822";"A";"21967";"A";"3978";"A";"3277";"A";"4587";"A";"3456";"A";"12002";"A";"1219";"A";"4261";"A";"19110";"A";"1817";"A";"4945";"A";"7066";"A";"67122";"A";"56965";"A";"61600";"A";"47250";"A";"4945";"A";"55050";"A";"-20";"A"
"1973-T2";"5725";"A";"25330";"A";"14363";"A";"262";"A";"6870";"A";"22107";"A";"3948";"A";"3201";"A";"4556";"A";"3464";"A";"11877";"A";"1224";"A";"3986";"A";"18928";"A";"1780";"A";"4895";"A";"7005";"A";"67292";"A";"57142";"A";"61762";"A";"46460";"A";"4895";"A";"54147";"A";"-45";"A"
"1973-T1";"5695";"A";"25187";"A";"14999";"A";"255";"A";"6913";"A";"21809";"A";"3959";"A";"3145";"A";"4488";"A";"3397";"A";"11905";"A";"1225";"A";"3772";"A";"18865";"A";"1745";"A";"4840";"A";"7016";"A";"67052";"A";"56929";"A";"61549";"A";"45937";"A";"4840";"A";"53526";"A";"-80";"A"
"1972-T4";"5667";"A";"24920";"A";"14038";"A";"238";"A";"6567";"A";"21160";"A";"3801";"A";"3111";"A";"4370";"A";"3356";"A";"11879";"A";"1191";"A";"3618";"A";"18799";"A";"1710";"A";"4778";"A";"7005";"A";"65091";"A";"55174";"A";"59626";"A";"45364";"A";"4778";"A";"52860";"A";"-127";"A"
"1972-T3";"5628";"A";"24761";"A";"13538";"A";"244";"A";"6385";"A";"21239";"A";"3693";"A";"3096";"A";"4291";"A";"3308";"A";"11815";"A";"1204";"A";"3513";"A";"18647";"A";"1673";"A";"4725";"A";"6993";"A";"64637";"A";"54843";"A";"59210";"A";"44930";"A";"4725";"A";"52356";"A";"-163";"A"
"1972-T2";"5594";"A";"24543";"A";"13215";"A";"223";"A";"6087";"A";"20441";"A";"3607";"A";"3087";"A";"4231";"A";"3258";"A";"11783";"A";"1159";"A";"3457";"A";"18450";"A";"1644";"A";"4684";"A";"6995";"A";"62825";"A";"53193";"A";"57446";"A";"44401";"A";"4684";"A";"51770";"A";"-187";"A"
"1972-T1";"5565";"A";"24386";"A";"13198";"A";"230";"A";"6090";"A";"20574";"A";"3555";"A";"3082";"A";"4209";"A";"3229";"A";"11731";"A";"1180";"A";"3449";"A";"18178";"A";"1619";"A";"4650";"A";"7006";"A";"62861";"A";"53285";"A";"57506";"A";"44120";"A";"4650";"A";"51447";"A";"-201";"A"
"1971-T4";"5573";"A";"24179";"A";"12816";"A";"218";"A";"5847";"A";"20099";"A";"3466";"A";"3070";"A";"4206";"A";"3160";"A";"11682";"A";"1157";"A";"3492";"A";"17842";"A";"1597";"A";"4628";"A";"7020";"A";"61584";"A";"52114";"A";"56234";"A";"43718";"A";"4628";"A";"51007";"A";"-204";"A"
"1971-T3";"5595";"A";"23876";"A";"12618";"A";"212";"A";"5858";"A";"19808";"A";"3399";"A";"3049";"A";"4187";"A";"3132";"A";"11586";"A";"1146";"A";"3505";"A";"17530";"A";"1570";"A";"4585";"A";"7009";"A";"60850";"A";"51439";"A";"55491";"A";"43290";"A";"4585";"A";"50515";"A";"-200";"A"
"1971-T2";"5576";"A";"23828";"A";"12143";"A";"212";"A";"5233";"A";"19684";"A";"3304";"A";"3012";"A";"4142";"A";"3049";"A";"11494";"A";"1152";"A";"3492";"A";"17269";"A";"1537";"A";"4525";"A";"6997";"A";"59829";"A";"50542";"A";"54499";"A";"42856";"A";"4525";"A";"49991";"A";"-190";"A"
"1971-T1";"5612";"A";"23507";"A";"12379";"A";"197";"A";"5384";"A";"19024";"A";"3288";"A";"2963";"A";"4083";"A";"3019";"A";"11319";"A";"1114";"A";"3451";"A";"17013";"A";"1498";"A";"4445";"A";"6937";"A";"58912";"A";"49648";"A";"53563";"A";"42197";"A";"4445";"A";"49212";"A";"-173";"A"
"1970-T4";"5659";"A";"23204";"A";"12010";"A";"204";"A";"5267";"A";"19039";"A";"3210";"A";"2885";"A";"4013";"A";"3026";"A";"11156";"A";"1145";"A";"3383";"A";"16813";"A";"1459";"A";"4350";"A";"6888";"A";"58509";"A";"49282";"A";"53132";"A";"41803";"A";"4350";"A";"48672";"A";"-149";"A"
"1970-T3";"5654";"A";"22994";"A";"11738";"A";"184";"A";"4986";"A";"18237";"A";"3136";"A";"2820";"A";"3947";"A";"2959";"A";"11001";"A";"1093";"A";"3331";"A";"16608";"A";"1426";"A";"4270";"A";"6835";"A";"56789";"A";"47687";"A";"51433";"A";"41113";"A";"4270";"A";"47850";"A";"-121";"A"
"1970-T2";"5672";"A";"22797";"A";"11576";"A";"187";"A";"4995";"A";"18220";"A";"3068";"A";"2762";"A";"3915";"A";"2934";"A";"10862";"A";"1089";"A";"3294";"A";"16404";"A";"1402";"A";"4204";"A";"6806";"A";"56562";"A";"47500";"A";"51193";"A";"40689";"A";"4204";"A";"47317";"A";"-89";"A"
"1970-T1";"5703";"A";"22600";"A";"11421";"A";"183";"A";"4825";"A";"17924";"A";"2996";"A";"2715";"A";"3897";"A";"2901";"A";"10763";"A";"1077";"A";"3272";"A";"16210";"A";"1391";"A";"4150";"A";"6798";"A";"55794";"A";"46786";"A";"50406";"A";"40319";"A";"4150";"A";"46859";"A";"-53";"A"
"1969-T4";"5578";"A";"22394";"A";"10990";"A";"174";"A";"4567";"A";"17516";"A";"2886";"A";"2678";"A";"3888";"A";"2850";"A";"10594";"A";"1029";"A";"3263";"A";"15972";"A";"1381";"A";"4108";"A";"6762";"A";"54465";"A";"45690";"A";"49198";"A";"39744";"A";"4108";"A";"46209";"A";"-14";"A"
"1969-T3";"5547";"A";"22238";"A";"11111";"A";"191";"A";"4915";"A";"17933";"A";"2842";"A";"2643";"A";"3893";"A";"2831";"A";"10509";"A";"1062";"A";"3217";"A";"15732";"A";"1371";"A";"4067";"A";"6764";"A";"55345";"A";"46583";"A";"50090";"A";"39475";"A";"4067";"A";"45874";"A";"31";"A"
"1969-T2";"5517";"A";"22088";"A";"10714";"A";"189";"A";"5096";"A";"17684";"A";"2746";"A";"2610";"A";"3870";"A";"2798";"A";"10424";"A";"1056";"A";"3134";"A";"15449";"A";"1357";"A";"4025";"A";"6748";"A";"54838";"A";"46187";"A";"49615";"A";"38947";"A";"4025";"A";"45273";"A";"81";"A"
"1969-T1";"5473";"A";"21968";"A";"10089";"A";"179";"A";"4406";"A";"17179";"A";"2630";"A";"2576";"A";"3822";"A";"2727";"A";"10313";"A";"1026";"A";"3014";"A";"15109";"A";"1334";"A";"3988";"A";"6706";"A";"53061";"A";"44603";"A";"47899";"A";"38144";"A";"3988";"A";"44394";"A";"137";"A"
"1968-T4";"5447";"A";"21797";"A";"10548";"A";"186";"A";"5001";"A";"17204";"A";"2634";"A";"2543";"A";"3793";"A";"2661";"A";"10219";"A";"1045";"A";"2858";"A";"14734";"A";"1306";"A";"3951";"A";"6671";"A";"53780";"A";"45308";"A";"48630";"A";"37441";"A";"3951";"A";"43618";"A";"198";"A"
"1968-T3";"5397";"A";"21383";"A";"10208";"A";"180";"A";"4291";"A";"16863";"A";"2551";"A";"2520";"A";"3825";"A";"2589";"A";"10177";"A";"1038";"A";"2734";"A";"14398";"A";"1281";"A";"3926";"A";"6674";"A";"52113";"A";"43812";"A";"47026";"A";"36798";"A";"3926";"A";"42921";"A";"233";"A"
"1968-T2";"5356";"A";"21061";"A";"9771";"A";"143";"A";"3496";"A";"15572";"A";"2453";"A";"2504";"A";"3895";"A";"2481";"A";"10120";"A";"941";"A";"2643";"A";"14068";"A";"1252";"A";"3911";"A";"6675";"A";"48921";"A";"40861";"A";"43910";"A";"35903";"A";"3911";"A";"41982";"A";"240";"A"
"1968-T1";"5357";"A";"21023";"A";"9715";"A";"147";"A";"3871";"A";"15594";"A";"2396";"A";"2496";"A";"4116";"A";"2587";"A";"10232";"A";"968";"A";"2585";"A";"13831";"A";"1245";"A";"3904";"A";"6795";"A";"49252";"A";"41215";"A";"44236";"A";"35973";"A";"3904";"A";"42042";"A";"221";"A"
"1967-T4";"5359";"A";"20790";"A";"9567";"A";"148";"A";"4043";"A";"15610";"A";"2325";"A";"2489";"A";"4384";"A";"2612";"A";"10392";"A";"978";"A";"2559";"A";"13630";"A";"1236";"A";"3908";"A";"6951";"A";"49137";"A";"41151";"A";"44122";"A";"36060";"A";"3908";"A";"42131";"A";"175";"A"
"1967-T3";"5371";"A";"20825";"A";"9299";"A";"148";"A";"3742";"A";"15571";"A";"2249";"A";"2468";"A";"4556";"A";"2628";"A";"10463";"A";"982";"A";"2530";"A";"13409";"A";"1222";"A";"3906";"A";"7032";"A";"48702";"A";"40777";"A";"43682";"A";"35978";"A";"3906";"A";"42032";"A";"139";"A"
"1967-T2";"5268";"A";"20679";"A";"9454";"A";"138";"A";"3814";"A";"15177";"A";"2225";"A";"2430";"A";"4633";"A";"2639";"A";"10496";"A";"958";"A";"2499";"A";"13195";"A";"1205";"A";"3897";"A";"7057";"A";"48035";"A";"40237";"A";"43108";"A";"35706";"A";"3897";"A";"41723";"A";"114";"A"
"1967-T1";"5233";"A";"20277";"A";"8819";"A";"146";"A";"3786";"A";"15396";"A";"2125";"A";"2373";"A";"4618";"A";"2628";"A";"10485";"A";"971";"A";"2464";"A";"12983";"A";"1187";"A";"3884";"A";"7033";"A";"47675";"A";"39988";"A";"42781";"A";"35443";"A";"3884";"A";"41408";"A";"99";"A"
"1966-T4";"5206";"A";"20116";"A";"8793";"A";"138";"A";"3659";"A";"15081";"A";"2097";"A";"2307";"A";"4498";"A";"2602";"A";"10416";"A";"948";"A";"2427";"A";"12767";"A";"1167";"A";"3867";"A";"6942";"A";"46929";"A";"39314";"A";"42065";"A";"34926";"A";"3867";"A";"40824";"A";"95";"A"
"1966-T3";"5132";"A";"19909";"A";"8579";"A";"129";"A";"3700";"A";"14674";"A";"2043";"A";"2244";"A";"4398";"A";"2598";"A";"10371";"A";"923";"A";"2393";"A";"12563";"A";"1149";"A";"3839";"A";"6870";"A";"46032";"A";"38552";"A";"41241";"A";"34480";"A";"3839";"A";"40304";"A";"94";"A"
"1966-T2";"5094";"A";"19689";"A";"8257";"A";"139";"A";"3615";"A";"14833";"A";"1972";"A";"2193";"A";"4320";"A";"2569";"A";"10321";"A";"943";"A";"2363";"A";"12359";"A";"1132";"A";"3800";"A";"6813";"A";"45902";"A";"38506";"A";"41144";"A";"34176";"A";"3800";"A";"39924";"A";"98";"A"
"1966-T1";"5000";"A";"19519";"A";"7924";"A";"131";"A";"3552";"A";"14438";"A";"1895";"A";"2159";"A";"4257";"A";"2536";"A";"10284";"A";"913";"A";"2337";"A";"12162";"A";"1116";"A";"3755";"A";"6764";"A";"44896";"A";"37671";"A";"40227";"A";"33742";"A";"3755";"A";"39416";"A";"106";"A"
"1965-T4";"4992";"A";"19528";"A";"8114";"A";"127";"A";"3471";"A";"14107";"A";"1868";"A";"2132";"A";"4218";"A";"2546";"A";"10275";"A";"897";"A";"2315";"A";"11979";"A";"1107";"A";"3698";"A";"6740";"A";"44461";"A";"37278";"A";"39803";"A";"33453";"A";"3698";"A";"39049";"A";"118";"A"
"1965-T3";"4981";"A";"19270";"A";"8128";"A";"136";"A";"3389";"A";"14240";"A";"1832";"A";"2111";"A";"4187";"A";"2551";"A";"10226";"A";"909";"A";"2297";"A";"11780";"A";"1095";"A";"3657";"A";"6694";"A";"44446";"A";"37297";"A";"39798";"A";"33211";"A";"3657";"A";"38748";"A";"131";"A"
"1965-T2";"4929";"A";"18995";"A";"7655";"A";"133";"A";"3185";"A";"14043";"A";"1756";"A";"2086";"A";"4147";"A";"2533";"A";"10221";"A";"900";"A";"2281";"A";"11602";"A";"1084";"A";"3630";"A";"6656";"A";"43495";"A";"36482";"A";"38903";"A";"32936";"A";"3630";"A";"38426";"A";"145";"A"
"1965-T1";"4894";"A";"18725";"A";"7451";"A";"120";"A";"2984";"A";"13545";"A";"1719";"A";"2056";"A";"4105";"A";"2476";"A";"10203";"A";"859";"A";"2268";"A";"11420";"A";"1069";"A";"3617";"A";"6600";"A";"42206";"A";"35306";"A";"37662";"A";"32491";"A";"3617";"A";"37942";"A";"160";"A"
"1964-T4";"4873";"A";"18551";"A";"7223";"A";"134";"A";"2929";"A";"13858";"A";"1689";"A";"2019";"A";"4083";"A";"2478";"A";"10177";"A";"887";"A";"2259";"A";"11235";"A";"1057";"A";"3619";"A";"6544";"A";"42454";"A";"35579";"A";"37923";"A";"32337";"A";"3619";"A";"37765";"A";"177";"A"
"1964-T3";"4854";"A";"18560";"A";"7201";"A";"125";"A";"3013";"A";"13466";"A";"1675";"A";"1979";"A";"4038";"A";"2467";"A";"10168";"A";"861";"A";"2233";"A";"11064";"A";"1046";"A";"3611";"A";"6478";"A";"41929";"A";"35100";"A";"37419";"A";"31974";"A";"3611";"A";"37365";"A";"182";"A"
"1964-T2";"4809";"A";"18342";"A";"7096";"A";"124";"A";"3218";"A";"13321";"A";"1645";"A";"1936";"A";"3984";"A";"2440";"A";"10164";"A";"852";"A";"2193";"A";"10903";"A";"1030";"A";"3589";"A";"6408";"A";"41676";"A";"34915";"A";"37206";"A";"31630";"A";"3589";"A";"36966";"A";"175";"A"
"1964-T1";"4730";"A";"18121";"A";"7117";"A";"133";"A";"3222";"A";"13485";"A";"1622";"A";"1894";"A";"3926";"A";"2427";"A";"10154";"A";"867";"A";"2136";"A";"10749";"A";"1013";"A";"3559";"A";"6332";"A";"41772";"A";"35089";"A";"37369";"A";"31352";"A";"3559";"A";"36628";"A";"156";"A"
"1963-T4";"4572";"A";"17882";"A";"6941";"A";"133";"A";"2911";"A";"13303";"A";"1570";"A";"1853";"A";"3851";"A";"2408";"A";"10161";"A";"858";"A";"2065";"A";"10608";"A";"993";"A";"3517";"A";"6251";"A";"40865";"A";"34385";"A";"36605";"A";"30967";"A";"3517";"A";"36168";"A";"125";"A"
"1963-T3";"4450";"A";"17476";"A";"7284";"A";"127";"A";"3091";"A";"13006";"A";"1582";"A";"1806";"A";"3801";"A";"2394";"A";"10148";"A";"838";"A";"2003";"A";"10444";"A";"977";"A";"3476";"A";"6181";"A";"40359";"A";"33991";"A";"36208";"A";"30560";"A";"3476";"A";"35685";"A";"126";"A"
"1963-T2";"4377";"A";"17802";"A";"6920";"A";"115";"A";"2859";"A";"12587";"A";"1526";"A";"1755";"A";"3747";"A";"2364";"A";"10156";"A";"802";"A";"1951";"A";"10273";"A";"965";"A";"3437";"A";"6136";"A";"39475";"A";"33241";"A";"35394";"A";"30122";"A";"3437";"A";"35169";"A";"158";"A"
"1963-T1";"4464";"A";"17555";"A";"6391";"A";"100";"A";"2730";"A";"12027";"A";"1461";"A";"1703";"A";"3707";"A";"2311";"A";"10118";"A";"760";"A";"1908";"A";"10068";"A";"957";"A";"3402";"A";"6092";"A";"38098";"A";"31889";"A";"33952";"A";"29606";"A";"3402";"A";"34577";"A";"222";"A"
"1962-T4";"4287";"A";"16731";"A";"6363";"A";"105";"A";"2642";"A";"11959";"A";"1393";"A";"1628";"A";"3658";"A";"2383";"A";"10105";"A";"789";"A";"1844";"A";"9949";"A";"952";"A";"3393";"A";"6048";"A";"37198";"A";"31210";"A";"33203";"A";"29519";"A";"3393";"A";"34434";"A";"301";"A"
"1962-T3";"4424";"A";"17151";"A";"6072";"A";"100";"A";"2550";"A";"11583";"A";"1342";"A";"1603";"A";"3609";"A";"2314";"A";"10014";"A";"777";"A";"1791";"A";"9778";"A";"935";"A";"3365";"A";"5981";"A";"36891";"A";"30850";"A";"32792";"A";"29037";"A";"3365";"A";"33900";"A";"370";"A"
"1962-T2";"4324";"A";"16948";"A";"6073";"A";"96";"A";"2478";"A";"11271";"A";"1336";"A";"1575";"A";"3562";"A";"2325";"A";"9944";"A";"765";"A";"1760";"A";"9590";"A";"915";"A";"3334";"A";"5912";"A";"36183";"A";"30254";"A";"32174";"A";"28670";"A";"3334";"A";"33478";"A";"419";"A"
"1962-T1";"4211";"A";"16564";"A";"6022";"A";"95";"A";"2311";"A";"11242";"A";"1319";"A";"1545";"A";"3518";"A";"2264";"A";"9895";"A";"755";"A";"1752";"A";"9386";"A";"889";"A";"3299";"A";"5841";"A";"35558";"A";"29757";"A";"31649";"A";"28267";"A";"3299";"A";"33016";"A";"446";"A"
"1961-T4";"4198";"A";"16276";"A";"5592";"A";"88";"A";"2167";"A";"10665";"A";"1237";"A";"1510";"A";"3414";"A";"2238";"A";"9869";"A";"735";"A";"1766";"A";"9165";"A";"858";"A";"3262";"A";"5757";"A";"34197";"A";"28527";"A";"30321";"A";"27866";"A";"3262";"A";"32550";"A";"454";"A"
"1961-T3";"4158";"A";"16322";"A";"5419";"A";"86";"A";"2090";"A";"10467";"A";"1201";"A";"1473";"A";"3386";"A";"2220";"A";"9848";"A";"725";"A";"1772";"A";"8961";"A";"835";"A";"3226";"A";"5690";"A";"33762";"A";"28169";"A";"29924";"A";"27563";"A";"3226";"A";"32181";"A";"457";"A"
"1961-T2";"4141";"A";"16288";"A";"5393";"A";"84";"A";"2046";"A";"10348";"A";"1192";"A";"1433";"A";"3361";"A";"2199";"A";"9830";"A";"719";"A";"1768";"A";"8783";"A";"813";"A";"3190";"A";"5629";"A";"33499";"A";"27939";"A";"29680";"A";"27285";"A";"3190";"A";"31837";"A";"456";"A"
"1961-T1";"4043";"A";"15927";"A";"5600";"A";"83";"A";"2001";"A";"10346";"A";"1225";"A";"1386";"A";"3313";"A";"2222";"A";"9813";"A";"719";"A";"1756";"A";"8621";"A";"791";"A";"3154";"A";"5568";"A";"33203";"A";"27705";"A";"29465";"A";"27069";"A";"3154";"A";"31551";"A";"451";"A"
"1960-T4";"3996";"A";"15636";"A";"5251";"A";"79";"A";"1895";"A";"10055";"A";"1169";"A";"1342";"A";"3238";"A";"2156";"A";"9797";"A";"718";"A";"1734";"A";"8486";"A";"764";"A";"3118";"A";"5506";"A";"32244";"A";"26868";"A";"28561";"A";"26735";"A";"3118";"A";"31149";"A";"443";"A"
"1960-T3";"3955";"A";"15554";"A";"5106";"A";"74";"A";"1872";"A";"9769";"A";"1146";"A";"1305";"A";"3166";"A";"2135";"A";"9762";"A";"711";"A";"1717";"A";"8352";"A";"746";"A";"3089";"A";"5461";"A";"31655";"A";"26354";"A";"28014";"A";"26461";"A";"3089";"A";"30818";"A";"433";"A"
"1960-T2";"3970";"A";"15582";"A";"5011";"A";"71";"A";"1859";"A";"9571";"A";"1129";"A";"1277";"A";"3109";"A";"2146";"A";"9705";"A";"700";"A";"1703";"A";"8211";"A";"736";"A";"3068";"A";"5437";"A";"31354";"A";"26067";"A";"27704";"A";"26222";"A";"3068";"A";"30535";"A";"423";"A"
"1960-T1";"3964";"A";"15576";"A";"4956";"A";"68";"A";"1752";"A";"9346";"A";"1117";"A";"1257";"A";"3024";"A";"2096";"A";"9629";"A";"684";"A";"1693";"A";"8052";"A";"723";"A";"3053";"A";"5427";"A";"30906";"A";"25650";"A";"27267";"A";"25875";"A";"3053";"A";"30156";"A";"411";"A"
"1959-T4";"3869";"A";"15295";"A";"4775";"A";"65";"A";"1732";"A";"9134";"A";"1083";"A";"1248";"A";"2939";"A";"2080";"A";"9539";"A";"664";"A";"1687";"A";"7886";"A";"714";"A";"3045";"A";"5438";"A";"30210";"A";"25082";"A";"26655";"A";"25558";"A";"3045";"A";"29821";"A";"398";"A"
"1959-T3";"3859";"A";"15383";"A";"4688";"A";"64";"A";"1641";"A";"9016";"A";"1065";"A";"1241";"A";"2889";"A";"2102";"A";"9460";"A";"650";"A";"1679";"A";"7752";"A";"708";"A";"3033";"A";"5439";"A";"29971";"A";"24874";"A";"26427";"A";"25346";"A";"3033";"A";"29590";"A";"394";"A"
"1959-T2";"3762";"A";"15128";"A";"4601";"A";"65";"A";"1625";"A";"9131";"A";"1046";"A";"1236";"A";"2867";"A";"2058";"A";"9398";"A";"647";"A";"1669";"A";"7640";"A";"699";"A";"3016";"A";"5433";"A";"29770";"A";"24777";"A";"26312";"A";"25123";"A";"3016";"A";"29344";"A";"399";"A"
"1959-T1";"3716";"A";"15088";"A";"4693";"A";"67";"A";"1676";"A";"9218";"A";"1056";"A";"1232";"A";"2880";"A";"2087";"A";"9350";"A";"649";"A";"1657";"A";"7541";"A";"696";"A";"2994";"A";"5418";"A";"29920";"A";"24954";"A";"26502";"A";"25026";"A";"2994";"A";"29221";"A";"414";"A"
"1958-T4";"3605";"A";"14964";"A";"4602";"A";"66";"A";"1622";"A";"9154";"A";"1035";"A";"1221";"A";"2884";"A";"2138";"A";"9315";"A";"654";"A";"1643";"A";"7483";"A";"690";"A";"2968";"A";"5386";"A";"29557";"A";"24706";"A";"26231";"A";"24986";"A";"2968";"A";"29145";"A";"437";"A"
"1958-T3";"3509";"A";"14746";"A";"4528";"A";"64";"A";"1584";"A";"8916";"A";"1018";"A";"1216";"A";"2852";"A";"2109";"A";"9300";"A";"657";"A";"1616";"A";"7406";"A";"683";"A";"2948";"A";"5364";"A";"28928";"A";"24192";"A";"25688";"A";"24821";"A";"2948";"A";"28955";"A";"454";"A"
"1958-T2";"3637";"A";"14854";"A";"4719";"A";"63";"A";"1574";"A";"8879";"A";"1044";"A";"1210";"A";"2882";"A";"2078";"A";"9303";"A";"665";"A";"1576";"A";"7329";"A";"689";"A";"2934";"A";"5366";"A";"29163";"A";"24300";"A";"25820";"A";"24708";"A";"2934";"A";"28821";"A";"465";"A"
"1958-T1";"3738";"A";"14959";"A";"4248";"A";"65";"A";"1548";"A";"9003";"A";"962";"A";"1202";"A";"2863";"A";"2062";"A";"9316";"A";"675";"A";"1522";"A";"7243";"A";"692";"A";"2925";"A";"5374";"A";"29173";"A";"24295";"A";"25751";"A";"24587";"A";"2925";"A";"28685";"A";"470";"A"
"1957-T4";"3824";"A";"15022";"A";"4332";"A";"67";"A";"1620";"A";"9221";"A";"971";"A";"1197";"A";"2892";"A";"2042";"A";"9338";"A";"686";"A";"1455";"A";"7148";"A";"695";"A";"2923";"A";"5399";"A";"29686";"A";"24713";"A";"26188";"A";"24464";"A";"2923";"A";"28555";"A";"470";"A"
"1957-T3";"3799";"A";"14934";"A";"4282";"A";"68";"A";"1598";"A";"9253";"A";"958";"A";"1179";"A";"2901";"A";"2064";"A";"9333";"A";"692";"A";"1397";"A";"7056";"A";"697";"A";"2914";"A";"5404";"A";"29585";"A";"24644";"A";"26109";"A";"24348";"A";"2914";"A";"28417";"A";"482";"A"
"1957-T2";"3721";"A";"14903";"A";"4477";"A";"65";"A";"1539";"A";"9017";"A";"987";"A";"1159";"A";"2854";"A";"2051";"A";"9302";"A";"689";"A";"1348";"A";"6959";"A";"689";"A";"2899";"A";"5382";"A";"29245";"A";"24359";"A";"25835";"A";"24111";"A";"2899";"A";"28147";"A";"508";"A"
"1957-T1";"3666";"A";"14816";"A";"4183";"A";"64";"A";"1515";"A";"8846";"A";"935";"A";"1130";"A";"2828";"A";"2061";"A";"9247";"A";"685";"A";"1309";"A";"6865";"A";"680";"A";"2876";"A";"5350";"A";"28748";"A";"23963";"A";"25389";"A";"23890";"A";"2876";"A";"27882";"A";"548";"A"
"1956-T4";"3603";"A";"14801";"A";"4437";"A";"63";"A";"1475";"A";"8668";"A";"974";"A";"1102";"A";"2826";"A";"1985";"A";"9171";"A";"677";"A";"1278";"A";"6784";"A";"676";"A";"2847";"A";"5306";"A";"28583";"A";"23823";"A";"25273";"A";"23584";"A";"2847";"A";"27523";"A";"600";"A"
"1956-T3";"3534";"A";"14596";"A";"4455";"A";"63";"A";"1417";"A";"8552";"A";"972";"A";"1078";"A";"2779";"A";"1921";"A";"9068";"A";"670";"A";"1261";"A";"6711";"A";"660";"A";"2810";"A";"5243";"A";"28196";"A";"23505";"A";"24944";"A";"23249";"A";"2810";"A";"27131";"A";"610";"A"
"1956-T2";"3568";"A";"14513";"A";"4315";"A";"60";"A";"1360";"A";"8268";"A";"943";"A";"1057";"A";"2744";"A";"1861";"A";"8942";"A";"660";"A";"1256";"A";"6657";"A";"651";"A";"2766";"A";"5171";"A";"27668";"A";"23004";"A";"24407";"A";"22931";"A";"2766";"A";"26750";"A";"577";"A"
"1956-T1";"3565";"A";"14349";"A";"4456";"A";"58";"A";"1337";"A";"7982";"A";"959";"A";"1047";"A";"2719";"A";"1836";"A";"8796";"A";"649";"A";"1264";"A";"6630";"A";"646";"A";"2715";"A";"5089";"A";"27236";"A";"22587";"A";"23989";"A";"22677";"A";"2715";"A";"26432";"A";"501";"A"
"1955-T4";"3630";"A";"13955";"A";"4196";"A";"58";"A";"1287";"A";"7921";"A";"907";"A";"1040";"A";"2665";"A";"1809";"A";"8626";"A";"641";"A";"1284";"A";"6612";"A";"635";"A";"2655";"A";"4994";"A";"26718";"A";"22091";"A";"23439";"A";"22424";"A";"2655";"A";"26109";"A";"383";"A"
"1955-T3";"3645";"A";"13902";"A";"3940";"A";"57";"A";"1253";"A";"7782";"A";"857";"A";"1034";"A";"2621";"A";"1762";"A";"8478";"A";"634";"A";"1286";"A";"6591";"A";"627";"A";"2602";"A";"4911";"A";"26345";"A";"21764";"A";"23065";"A";"22132";"A";"2602";"A";"25752";"A";"304";"A"
"1955-T2";"3660";"A";"13776";"A";"4026";"A";"56";"A";"1230";"A";"7583";"A";"865";"A";"1020";"A";"2597";"A";"1739";"A";"8349";"A";"626";"A";"1267";"A";"6556";"A";"620";"A";"2554";"A";"4839";"A";"26038";"A";"21459";"A";"22756";"A";"21861";"A";"2554";"A";"25419";"A";"266";"A"
"1955-T1";"3618";"A";"13616";"A";"3879";"A";"53";"A";"1172";"A";"7275";"A";"835";"A";"1003";"A";"2539";"A";"1727";"A";"8241";"A";"617";"A";"1230";"A";"6498";"A";"610";"A";"2513";"A";"4773";"A";"25354";"A";"20863";"A";"22119";"A";"21561";"A";"2513";"A";"25061";"A";"268";"A"
"1954-T4";"3486";"A";"13513";"A";"3828";"A";"51";"A";"1117";"A";"7096";"A";"822";"A";"986";"A";"2501";"A";"1740";"A";"8155";"A";"611";"A";"1172";"A";"6427";"A";"604";"A";"2477";"A";"4722";"A";"24871";"A";"20508";"A";"21744";"A";"21301";"A";"2477";"A";"24750";"A";"310";"A"
"1954-T3";"3429";"A";"13513";"A";"3741";"A";"53";"A";"1095";"A";"7188";"A";"803";"A";"968";"A";"2500";"A";"1694";"A";"8084";"A";"611";"A";"1128";"A";"6358";"A";"596";"A";"2448";"A";"4685";"A";"24891";"A";"20578";"A";"21802";"A";"21035";"A";"2448";"A";"24438";"A";"346";"A"
"1954-T2";"3412";"A";"13433";"A";"3714";"A";"52";"A";"1044";"A";"7093";"A";"794";"A";"957";"A";"2481";"A";"1718";"A";"8032";"A";"608";"A";"1095";"A";"6289";"A";"593";"A";"2424";"A";"4655";"A";"24632";"A";"20352";"A";"21562";"A";"20893";"A";"2424";"A";"24262";"A";"374";"A"
"1954-T1";"3395";"A";"13429";"A";"3595";"A";"52";"A";"989";"A";"7003";"A";"771";"A";"949";"A";"2469";"A";"1665";"A";"7999";"A";"607";"A";"1075";"A";"6231";"A";"588";"A";"2407";"A";"4636";"A";"24382";"A";"20145";"A";"21331";"A";"20705";"A";"2407";"A";"24049";"A";"396";"A"
"1953-T4";"3410";"A";"13333";"A";"3612";"A";"49";"A";"962";"A";"6785";"A";"769";"A";"947";"A";"2452";"A";"1650";"A";"7986";"A";"605";"A";"1067";"A";"6183";"A";"588";"A";"2395";"A";"4627";"A";"24018";"A";"19793";"A";"20968";"A";"20617";"A";"2395";"A";"23947";"A";"411";"A"
"1953-T3";"3367";"A";"13102";"A";"3550";"A";"50";"A";"934";"A";"6770";"A";"756";"A";"943";"A";"2440";"A";"1567";"A";"7962";"A";"605";"A";"1058";"A";"6152";"A";"578";"A";"2383";"A";"4613";"A";"23734";"A";"19564";"A";"20722";"A";"20433";"A";"2383";"A";"23747";"A";"422";"A"
"1953-T2";"3334";"A";"13070";"A";"3489";"A";"49";"A";"918";"A";"6705";"A";"742";"A";"939";"A";"2430";"A";"1686";"A";"7926";"A";"604";"A";"1046";"A";"6119";"A";"581";"A";"2370";"A";"4593";"A";"23562";"A";"19435";"A";"20578";"A";"20499";"A";"2370";"A";"23795";"A";"429";"A"
"1953-T1";"3270";"A";"12712";"A";"3421";"A";"49";"A";"913";"A";"6609";"A";"728";"A";"932";"A";"2413";"A";"1670";"A";"7876";"A";"600";"A";"1034";"A";"6093";"A";"579";"A";"2356";"A";"4565";"A";"23081";"A";"19035";"A";"20156";"A";"20364";"A";"2356";"A";"23639";"A";"432";"A"
"1952-T4";"3237";"A";"12516";"A";"3469";"A";"47";"A";"891";"A";"6390";"A";"733";"A";"927";"A";"2395";"A";"1691";"A";"7810";"A";"593";"A";"1019";"A";"6074";"A";"572";"A";"2342";"A";"4527";"A";"22634";"A";"18632";"A";"19744";"A";"20237";"A";"2342";"A";"23493";"A";"430";"A"
"1952-T3";"3246";"A";"12394";"A";"3496";"A";"46";"A";"889";"A";"6241";"A";"734";"A";"921";"A";"2376";"A";"1694";"A";"7736";"A";"589";"A";"1003";"A";"6047";"A";"570";"A";"2321";"A";"4486";"A";"22363";"A";"18373";"A";"19478";"A";"20085";"A";"2321";"A";"23313";"A";"407";"A"
"1952-T2";"3169";"A";"12178";"A";"3426";"A";"47";"A";"866";"A";"6297";"A";"718";"A";"915";"A";"2351";"A";"1684";"A";"7651";"A";"589";"A";"986";"A";"6030";"A";"563";"A";"2293";"A";"4440";"A";"22168";"A";"18249";"A";"19339";"A";"19917";"A";"2293";"A";"23110";"A";"361";"A"
"1952-T1";"3107";"A";"12040";"A";"3466";"A";"47";"A";"895";"A";"6334";"A";"720";"A";"915";"A";"2329";"A";"1688";"A";"7547";"A";"589";"A";"969";"A";"6005";"A";"554";"A";"2259";"A";"4385";"A";"22124";"A";"18245";"A";"19336";"A";"19738";"A";"2259";"A";"22892";"A";"292";"A"
"1951-T4";"3092";"A";"12090";"A";"3274";"A";"46";"A";"859";"A";"6195";"A";"683";"A";"917";"A";"2282";"A";"1702";"A";"7420";"A";"587";"A";"950";"A";"5972";"A";"549";"A";"2219";"A";"4315";"A";"21826";"A";"17998";"A";"19056";"A";"19532";"A";"2219";"A";"22641";"A";"202";"A"
"1951-T3";"3082";"A";"12146";"A";"3263";"A";"45";"A";"820";"A";"6097";"A";"676";"A";"918";"A";"2219";"A";"1689";"A";"7274";"A";"583";"A";"932";"A";"5934";"A";"535";"A";"2179";"A";"4232";"A";"21693";"A";"17885";"A";"18933";"A";"19235";"A";"2179";"A";"22300";"A";"126";"A"
"1951-T2";"3006";"A";"12002";"A";"3177";"A";"46";"A";"803";"A";"6118";"A";"656";"A";"915";"A";"2172";"A";"1605";"A";"7110";"A";"579";"A";"915";"A";"5902";"A";"517";"A";"2141";"A";"4141";"A";"21493";"A";"17765";"A";"18795";"A";"18825";"A";"2141";"A";"21846";"A";"66";"A"
"1951-T1";"2994";"A";"12037";"A";"3233";"A";"46";"A";"774";"A";"6100";"A";"659";"A";"911";"A";"2125";"A";"1567";"A";"6936";"A";"571";"A";"899";"A";"5874";"A";"505";"A";"2104";"A";"4043";"A";"21498";"A";"17777";"A";"18809";"A";"18462";"A";"2104";"A";"21438";"A";"21";"A"
"1950-T4";"2989";"A";"11957";"A";"3141";"A";"44";"A";"739";"A";"5909";"A";"638";"A";"902";"A";"2033";"A";"1566";"A";"6766";"A";"559";"A";"883";"A";"5861";"A";"493";"A";"2069";"A";"3937";"A";"21123";"A";"17438";"A";"18444";"A";"18138";"A";"2069";"A";"21068";"A";"-9";"A"
"1950-T3";"3053";"A";"12004";"A";"3042";"A";"43";"A";"702";"A";"5720";"A";"617";"A";"898";"A";"1987";"A";"1525";"A";"6622";"A";"549";"A";"869";"A";"5854";"A";"489";"A";"2033";"A";"3853";"A";"20883";"A";"17180";"A";"18162";"A";"17813";"A";"2033";"A";"20701";"A";"-26";"A"
"1950-T2";"2894";"A";"11472";"A";"2919";"A";"40";"A";"647";"A";"5457";"A";"592";"A";"893";"A";"1914";"A";"1504";"A";"6511";"A";"539";"A";"856";"A";"5864";"A";"476";"A";"1997";"A";"3783";"A";"19898";"A";"16377";"A";"17316";"A";"17541";"A";"1997";"A";"20384";"A";"-29";"A"
"1950-T1";"2822";"A";"11188";"A";"2866";"A";"39";"A";"621";"A";"5314";"A";"581";"A";"893";"A";"1897";"A";"1464";"A";"6435";"A";"534";"A";"843";"A";"5879";"A";"469";"A";"1960";"A";"3740";"A";"19394";"A";"15959";"A";"16877";"A";"17342";"A";"1960";"A";"20143";"A";"-19";"A"
"1949-T4";"2749";"A";"10858";"A";"2945";"A";"39";"A";"614";"A";"5205";"A";"591";"A";"890";"A";"1910";"A";"1560";"A";"6381";"A";"531";"A";"832";"A";"5902";"A";"470";"A";"1923";"A";"3715";"A";"19030";"A";"15661";"A";"16578";"A";"17345";"A";"1923";"A";"20092";"A";"5";"A"
"1949-T3";"2885";"A";"11052";"A";"2843";"A";"39";"A";"591";"A";"5238";"A";"572";"A";"887";"A";"1953";"A";"1547";"A";"6328";"A";"530";"A";"824";"A";"5926";"A";"476";"A";"1894";"A";"3695";"A";"19227";"A";"15753";"A";"16659";"A";"17326";"A";"1894";"A";"20045";"A";"23";"A"
"1949-T2";"2707";"A";"10587";"A";"2784";"A";"38";"A";"554";"A";"5084";"A";"561";"A";"882";"A";"1909";"A";"1552";"A";"6263";"A";"526";"A";"818";"A";"5934";"A";"465";"A";"1875";"A";"3657";"A";"18473";"A";"15180";"A";"16060";"A";"17201";"A";"1875";"A";"19897";"A";"35";"A"
"1949-T1";"2613";"A";"10515";"A";"2658";"A";"39";"A";"531";"A";"5184";"A";"539";"A";"871";"A";"1897";"A";"1529";"A";"6182";"A";"525";"A";"815";"A";"5935";"A";"452";"A";"1866";"A";"3616";"A";"18297";"A";"15102";"A";"15964";"A";"17065";"A";"1866";"A";"19742";"A";"41";"A"
